node_id,latitude,longitude,street_count,n_b_roads,b_roads,junction_type,is_b_b_junction,is_b_any_junction
50392728,6.045263,80.223014,3,2,B109;B128,B-B,True,True
47817820,6.038247,80.221025,3,1,B128,B-Other,False,True
1242562192,6.042575,80.22282,2,2,B128;B233,B-B,True,False
54399243,6.030794,80.217134,3,1,B37,B-Other,False,True
1795375615,6.663091,79.971999,2,2,B449;B458,B-B,True,False
5182838447,6.034565,80.217041,3,1,B130,B-Other,False,True
13711501216,5.926316,80.588861,2,2,B557;B559,B-B,True,False
13709350341,5.926711,80.589488,2,2,B107;B557,B-B,True,False
6673012482,5.928,80.589358,3,1,B107,B-Other,False,True
603240958,5.921296,80.589679,2,2,B107;B559,B-B,True,False
7087395001,5.964746,80.691731,3,1,B525,B-Other,False,True
3279674224,6.028705,80.794628,3,1,B141,B-Other,False,True
3261661183,6.037412,80.779053,2,2,B141;B626,B-B,True,False
3592199657,6.043185,80.742322,2,2,B141;B628,B-B,True,False
13728195887,6.07294,80.734105,3,2,B54;B627,B-B,True,True
4408220358,5.976885,80.698753,2,2,B101;B525,B-B,True,False
4408220362,5.976982,80.698687,2,2,B101;B525,B-B,True,False
1530689260,5.985209,80.698748,2,2,B101;B595,B-B,True,False
82800337,6.091235,80.193316,2,2,B130;B138,B-B,True,False
2035763052,6.973937,80.767174,3,1,B331,B-Other,False,True
3090460089,6.111394,80.125007,3,1,B106,B-Other,False,True
127659606,6.958552,80.221885,3,1,B408,B-Other,False,True
5294022980,6.045788,80.225187,3,1,B109,B-Other,False,True
130346191,6.070689,80.233835,2,2,B109;B248,B-B,True,False
50760908,6.032977,80.2168,3,1,B130,B-Other,False,True
5182773491,6.03211,80.217288,3,1,B37,B-Other,False,True
138714420,6.031296,80.21709,3,1,B37,B-Other,False,True
191849931,6.97596,80.765525,3,2,B249;B331,B-B,True,True
150994801,6.850263,79.872015,2,2,B11;B94,B-B,True,False
208541425,6.867038,79.884651,4,3,B120;B229;B84,B-B,True,True
6519129900,6.84424,79.925909,3,1,B367,B-Other,False,True
2091781232,6.847501,79.926904,2,2,B335;B504,B-B,True,False
245519575,6.663456,80.0716,2,2,B157;B224,B-B,True,False
247140495,6.930383,80.717922,3,1,B381,B-Other,False,True
6250183891,6.898179,80.592972,3,1,B149,B-Other,False,True
11368215992,6.141192,80.136717,3,1,B106,B-Other,False,True
3340955134,6.907745,79.895627,3,1,B470,B-Other,False,True
275520231,6.869442,79.897924,4,3,B134;B389;B553,B-B,True,True
129615924,6.862979,79.901438,4,1,B134,B-Other,False,True
639689279,6.877978,79.890652,2,2,B307;B534,B-B,True,False
206597400,6.848328,79.885464,4,2,B389;B94,B-B,True,True
1737436578,6.853485,79.885026,3,1,B389,B-Other,False,True
1650097484,5.943078,80.549943,3,1,B524,B-Other,False,True
33389341,5.942888,80.568388,3,1,B524,B-Other,False,True
1737485408,6.856552,79.890646,4,2,B389;B84,B-B,True,True
60797056,6.86242,79.863849,4,1,B229,B-Other,False,True
129606431,6.784369,80.055103,3,2,B123;B239,B-B,True,True
13149927793,6.78449,80.055325,2,2,B123;B239,B-B,True,False
13149927798,6.784514,80.055368,2,2,B123;B239,B-B,True,False
4955880071,6.829077,79.965594,3,2,B239;B654,B-B,True,True
10170931056,6.829173,79.965899,3,1,B239,B-Other,False,True
245519512,6.694456,80.075782,2,2,B157;B304,B-B,True,False
253718871,6.713627,80.063391,2,2,B157;B404,B-B,True,False
253718899,6.717448,80.066074,3,1,B404,B-Other,False,True
2071116379,6.857653,79.908338,3,1,B316,B-Other,False,True
3217294322,6.935722,79.984247,4,1,B263,B-Other,False,True
3141868650,6.90328,79.911573,4,2,B240;B653,B-B,True,True
2558457385,6.801439,79.922009,3,1,B295,B-Other,False,True
7062380597,6.784372,79.978364,2,2,B654;B84,B-B,True,False
252537863,6.784453,79.978363,2,2,B654;B84,B-B,True,False
568950423,7.298273,80.635735,2,2,B519;B520,B-B,True,False
3999196805,7.29359,80.63346,3,1,B70,B-Other,False,True
258025225,8.032095,80.772583,3,1,B294,B-Other,False,True
3804182781,7.325249,80.626158,4,1,B205,B-Other,False,True
2342916289,7.325225,80.626304,3,1,B205,B-Other,False,True
258049381,7.466907,80.623301,3,1,B194,B-Other,False,True
258049396,7.477235,80.623321,3,1,B194,B-Other,False,True
250730985,6.894151,79.915688,3,1,B531,B-Other,False,True
3379422351,6.892404,79.918712,2,2,B531;B532,B-B,True,False
3379422350,6.892402,79.918771,2,2,B531;B532,B-B,True,False
635165818,6.892494,79.921251,3,1,B531,B-Other,False,True
258057404,7.858589,80.680787,3,2,B561;B615,B-B,True,True
129616175,6.873384,79.872993,3,1,B84,B-Other,False,True
129615686,6.841196,80.003113,4,1,B452,B-Other,False,True
252542077,6.809912,79.995565,2,2,B239;B452,B-B,True,False
4096475976,7.272748,80.603777,3,1,B365,B-Other,False,True
3738834815,7.272681,80.603878,4,1,B365,B-Other,False,True
1676479569,6.881724,79.869613,3,1,B84,B-Other,False,True
266478204,5.984079,80.435388,2,2,B465;B466,B-B,True,False
6518088305,6.876321,79.935309,4,2,B368;B47,B-B,True,True
3848606598,6.875957,79.934908,4,1,B368,B-Other,False,True
4580840142,6.874744,79.900556,3,1,B389,B-Other,False,True
3364860601,5.948773,80.5472,4,1,B275,B-Other,False,True
403881177,7.205506,79.851177,4,1,B407,B-Other,False,True
312920246,7.207084,79.840834,3,2,B246;B407,B-B,True,True
4087081915,7.219309,79.844959,3,1,B78,B-Other,False,True
313236286,7.210998,79.838568,3,2,B261;B78,B-B,True,True
619883043,6.851684,80.032727,3,1,B240,B-Other,False,True
1778845290,6.865003,80.023328,2,2,B240;B354,B-B,True,False
2712362971,6.877155,79.98999,3,2,B174;B240,B-B,True,True
2712362974,6.87732,79.989768,2,2,B174;B240,B-B,True,False
1438094658,6.98478,79.903111,3,3,B151;B220;B460,B-B,True,True
324985529,6.977196,79.930305,3,1,B221,B-Other,False,True
3864419806,6.978178,79.927346,3,1,B221,B-Other,False,True
3403175009,6.955763,79.888559,3,1,B214,B-Other,False,True
6537358006,6.982853,79.874698,2,2,B152;B459,B-B,True,False
1932027734,6.047798,80.628863,2,2,B275;B630,B-B,True,False
253022446,6.943845,79.878293,4,1,B435,B-Other,False,True
1131882974,6.944051,79.878615,4,1,B435,B-Other,False,True
3521419922,6.941419,79.986149,3,1,B214,B-Other,False,True
3603503554,6.93918,79.973265,3,1,B214,B-Other,False,True
635895564,6.953134,79.918978,2,2,B214;B215,B-B,True,False
4457419930,6.94993,79.916941,3,1,B214,B-Other,False,True
621126052,6.969434,79.954353,3,2,B221;B632,B-B,True,True
637858647,6.975097,79.949457,2,2,B221;B262,B-B,True,False
2760582902,6.93668,79.915387,3,1,B469,B-Other,False,True
403816178,6.937235,79.89622,2,2,B435;B96,B-B,True,False
2131864627,6.93285,79.893716,2,2,B231;B96,B-B,True,False
3705965291,6.932817,79.89355,2,2,B231;B96,B-B,True,False
2131864639,6.932654,79.89044,2,2,B232;B96,B-B,True,False
258053453,6.908812,79.895278,3,1,B470,B-Other,False,True
2122125311,6.908625,79.89541,4,1,B470,B-Other,False,True
672817127,6.887012,79.887167,3,2,B307;B470,B-B,True,True
403881228,7.221916,79.863565,3,2,B322;B324,B-B,True,True
403881262,7.235844,79.878896,2,2,B322;B597,B-B,True,False
403881289,7.248063,79.899349,2,2,B322;B468,B-B,True,False
403881294,7.250807,79.905405,2,2,B289;B322,B-B,True,False
403881317,7.260851,79.939365,2,2,B228;B322,B-B,True,False
403899785,6.98125,79.888054,3,1,B459,B-Other,False,True
403899879,7.06916,79.8532,3,1,B596,B-Other,False,True
403899928,7.093991,79.847143,3,2,B425;B596,B-B,True,True
445265132,6.604548,80.091996,2,2,B157;B310,B-B,True,False
265731258,6.625681,80.077037,2,2,B157;B310,B-B,True,False
560221964,6.559587,79.977533,2,2,B207;B302,B-B,True,False
560221970,6.568706,79.989221,3,3,B191;B207;B304,B-B,True,True
13574349086,8.338757,80.395294,4,1,B638,B-Other,False,True
1401456469,8.327786,80.361388,3,1,B234,B-Other,False,True
1249855906,6.809861,79.883026,3,2,B388;B545,B-B,True,True
3377606381,6.135125,81.077229,3,1,B562,B-Other,False,True
10132667228,6.434815,81.130343,3,1,B427,B-Other,False,True
3147073493,6.430259,81.092077,2,2,B427;B528,B-B,True,False
13689191650,6.297848,81.236812,3,1,B464,B-Other,False,True
1239435107,7.619802,80.245735,3,1,B079,B-Other,False,True
635164975,6.846425,79.94838,4,1,B47,B-Other,False,True
3167605964,7.284373,80.065795,3,2,B237;B322,B-B,True,True
617823428,7.3135,80.109594,2,2,B290;B322,B-B,True,False
2562843827,7.32465,80.123399,3,1,B322,B-Other,False,True
6547922849,7.434456,80.217386,3,1,B247,B-Other,False,True
617810971,7.330012,80.122654,3,2,B308;B322,B-B,True,True
638927829,7.169333,79.948236,3,1,B111,B-Other,False,True
1847947621,7.184365,79.963868,2,2,B108;B111,B-B,True,False
617812791,7.230694,79.908774,2,2,B289;B324,B-B,True,False
639297344,7.08436,80.078864,2,2,B416;B479,B-B,True,False
445260245,7.073259,80.269521,3,1,B127,B-Other,False,True
6230885416,6.909331,79.896049,4,1,B62,B-Other,False,True
10219043288,6.909614,79.895798,3,1,B62,B-Other,False,True
570766423,7.323298,80.396858,4,3,B199;B384;B385,B-B,True,True
11959629970,6.876256,79.900739,3,2,B120;B291,B-B,True,True
11959575860,6.875439,79.900973,4,1,B291,B-Other,False,True
1977816707,7.432681,80.212907,3,1,B247,B-Other,False,True
6947814999,6.904918,79.905393,3,1,B120,B-Other,False,True
619742791,6.888113,79.994935,3,1,B174,B-Other,False,True
619742609,6.874678,79.993299,2,2,B240;B451,B-B,True,False
324918527,6.86494,79.995866,2,2,B451;B452,B-B,True,False
658424634,7.033618,80.027148,3,2,B161;B214,B-B,True,True
619906809,7.03079,80.028842,3,2,B214;B472,B-B,True,True
621950451,6.861589,79.866144,3,2,B11;B560,B-B,True,True
621150239,6.967339,79.961185,2,2,B254;B632,B-B,True,False
3600449270,6.970641,79.971643,3,1,B632,B-Other,False,True
403841847,6.944084,79.954897,2,2,B214;B362,B-B,True,False
1241635040,6.956543,79.953191,2,2,B221;B362,B-B,True,False
1912538681,6.923548,79.913646,3,1,B469,B-Other,False,True
621909031,6.839802,79.884742,2,2,B389;B547,B-B,True,False
3206095333,7.063978,80.011199,3,1,B570,B-Other,False,True
4585299247,7.064004,80.011123,3,1,B570,B-Other,False,True
3770168315,7.090838,79.991998,3,1,B570,B-Other,False,True
843506679,7.092538,79.995463,3,1,B219,B-Other,False,True
3681424087,7.091253,79.999227,3,1,B219,B-Other,False,True
637009373,7.093252,79.993765,2,2,B50;B569,B-B,True,False
4068148608,7.09217,79.993046,3,1,B569,B-Other,False,True
3064234204,7.370574,80.527474,3,1,B122,B-Other,False,True
617806943,7.488935,80.362344,2,2,B051;B247,B-B,True,False
4548513547,7.490351,80.365072,3,1,B051,B-Other,False,True
250734844,6.848623,79.89769,4,2,B134;B316,B-B,True,True
638936208,7.125603,79.981389,3,1,B288,B-Other,False,True
637859907,6.986465,79.973905,2,2,B169;B262,B-B,True,False
970090967,6.981376,79.968271,2,2,B262;B401,B-B,True,False
2021648880,6.994514,80.015268,2,2,B214;B262,B-B,True,False
638923097,7.169005,79.948482,3,1,B208,B-Other,False,True
638925117,7.169072,79.947698,3,1,B208,B-Other,False,True
638927834,7.168787,79.947929,3,1,B111,B-Other,False,True
638927836,7.169059,79.948001,3,1,B208,B-Other,False,True
638925131,7.170123,79.945433,2,2,B208;B289,B-B,True,False
638935032,7.126291,79.981095,3,1,B288,B-Other,False,True
638936216,7.126,79.981284,4,2,B288;B430,B-B,True,True
638936200,7.125887,79.980979,3,1,B400,B-Other,False,True
638936201,7.125974,79.981194,3,2,B288;B400,B-B,True,True
638936206,7.125863,79.981321,3,2,B288;B430,B-B,True,True
638936212,7.1259,79.981645,3,1,B430,B-Other,False,True
638936220,7.125846,79.981218,3,2,B288;B400,B-B,True,True
667537356,7.124566,79.975183,2,2,B225;B400,B-B,True,False
667536068,7.124479,79.974821,2,2,B225;B400,B-B,True,False
638973609,7.123496,79.924529,3,2,B111;B400,B-B,True,True
638935065,7.139064,79.976365,3,2,B225;B288,B-B,True,True
4231244463,7.101691,79.910307,3,1,B111,B-Other,False,True
2155579750,7.131182,79.876262,3,1,B400,B-Other,False,True
638976353,7.12169,79.920947,3,1,B400,B-Other,False,True
638976365,7.121522,79.921469,2,2,B111;B400,B-B,True,False
638976368,7.121378,79.921346,2,2,B111;B400,B-B,True,False
639129515,7.230737,79.909793,2,2,B289;B324,B-B,True,False
4316862204,7.194234,79.881345,2,2,B323;B597,B-B,True,False
639142096,7.204598,79.880763,3,2,B321;B597,B-B,True,True
4316825579,7.223838,79.879715,2,2,B324;B597,B-B,True,False
12322046179,7.175263,79.88966,3,1,B208,B-Other,False,True
4693290694,7.266227,79.860435,4,1,B228,B-Other,False,True
639247310,7.231581,79.971329,2,2,B108;B324,B-B,True,False
6509381798,7.224845,80.019516,3,1,B111,B-Other,False,True
617810744,7.281259,80.055351,3,2,B111;B322,B-B,True,True
639288676,7.153503,80.060217,3,2,B179;B445,B-B,True,True
403875119,6.908644,79.898767,3,1,B62,B-Other,False,True
1418747701,6.727569,79.900473,3,1,B235,B-Other,False,True
651747031,6.771567,79.885428,3,1,B235,B-Other,False,True
651746985,6.727049,79.900678,3,1,B235,B-Other,False,True
665006631,6.803942,79.940621,2,2,B267;B510,B-B,True,False
1912538608,6.923587,79.912996,3,1,B231,B-Other,False,True
2091855950,6.932625,79.893695,3,1,B231,B-Other,False,True
7786924226,7.126059,80.070689,4,1,B416,B-Other,False,True
3816584562,7.073426,80.016941,3,1,B292,B-Other,False,True
667506531,7.057741,80.097076,2,2,B292;B479,B-B,True,False
635166180,6.909619,79.89707,3,1,B62,B-Other,False,True
403875117,6.909304,79.898421,3,2,B469;B62,B-B,True,True
638916931,7.156555,80.055225,2,2,B208;B443,B-B,True,False
3203260988,7.207614,80.057048,4,2,B183;B443,B-B,True,True
1668906517,6.875954,79.929227,3,1,B368,B-Other,False,True
208541289,6.857138,79.890753,3,1,B84,B-Other,False,True
652384088,6.787907,79.88545,3,1,B295,B-Other,False,True
694987695,6.795094,79.903987,3,2,B204;B295,B-B,True,True
403816197,6.935938,79.925652,3,2,B435;B644,B-B,True,True
13653585411,6.942792,79.923561,3,1,B644,B-Other,False,True
5122515798,6.943059,79.923575,3,1,B644,B-Other,False,True
4897028998,6.976569,80.764515,3,2,B249;B331,B-B,True,True
891638940,7.161906,80.573909,3,1,B154,B-Other,False,True
3021911951,7.298432,80.637016,3,1,B520,B-Other,False,True
5233976058,6.530863,80.396533,3,1,B181,B-Other,False,True
912275456,6.227029,81.334127,2,2,B422;B499,B-B,True,False
5233980319,6.531088,80.396444,2,2,B181;B421,B-B,True,False
5237375206,6.53116,80.396517,2,2,B181;B421,B-B,True,False
1994725664,6.532769,80.348522,2,2,B421;B656,B-B,True,False
2087105380,6.971365,79.97682,2,2,B401;B632,B-B,True,False
1668906598,6.903263,79.91135,3,1,B240,B-Other,False,True
1039412973,6.903319,79.910703,4,1,B240,B-Other,False,True
1093699503,6.134737,80.254426,4,3,B248;B454;B455,B-B,True,True
1093762656,6.102343,80.31839,2,2,B129;B455,B-B,True,False
6543091755,6.10667,80.33517,3,1,B238,B-Other,False,True
3492736839,6.106432,80.348319,3,2,B238;B480,B-B,True,True
910154883,6.8464,79.948503,4,1,B47,B-Other,False,True
403816162,6.942458,79.886801,3,1,B435,B-Other,False,True
403816157,6.944703,79.881859,3,1,B435,B-Other,False,True
634162376,7.154156,80.05939,2,2,B208;B445,B-B,True,False
638943128,7.158411,80.031546,2,2,B208;B430,B-B,True,False
3645054902,7.163361,79.98132,2,2,B208;B225,B-B,True,False
638921965,7.163373,79.981214,2,2,B208;B225,B-B,True,False
6537358011,6.982963,79.874683,2,2,B152;B459,B-B,True,False
6537339895,6.994432,79.874138,2,2,B151;B152,B-B,True,False
6537339897,6.99459,79.874059,2,2,B151;B152,B-B,True,False
2026484605,7.028136,79.923233,4,1,B168,B-Other,False,True
1285521732,7.028131,79.920059,4,1,B168,B-Other,False,True
3470538976,6.343172,80.080354,3,2,B55;B558,B-B,True,True
617823362,7.247451,80.127532,2,2,B290;B324,B-B,True,False
3257742983,6.174664,80.166535,3,1,B143,B-Other,False,True
1637776271,6.224796,80.117395,2,2,B143;B176,B-B,True,False
1140307739,6.271833,80.138763,3,1,B143,B-Other,False,True
1638891066,6.273649,80.137041,4,2,B14;B143,B-B,True,True
13695751609,6.891746,79.87811,3,1,B307,B-Other,False,True
252537800,6.87715,79.89295,2,2,B345;B534,B-B,True,False
6294540737,6.522809,80.11459,3,1,B304,B-Other,False,True
1862816008,6.918117,80.098953,3,1,B188,B-Other,False,True
1147858863,7.208348,79.834808,3,2,B407;B425,B-B,True,True
639204465,7.211445,79.841284,3,1,B261,B-Other,False,True
6545683450,6.947515,80.094032,2,2,B146;B95,B-B,True,False
6545683449,6.947556,80.094094,2,2,B146;B95,B-B,True,False
3702135218,6.875082,79.89196,2,2,B120;B345,B-B,True,False
3702142136,6.875905,79.892317,3,1,B345,B-Other,False,True
2619372954,6.875824,79.899841,3,1,B120,B-Other,False,True
3702142150,6.875444,79.892263,3,2,B120;B345,B-B,True,True
250731057,6.873471,79.891386,3,3,B120;B307;B553,B-B,True,True
3416397811,7.354038,80.682176,3,2,B461;B462,B-B,True,True
1156533842,7.328477,80.673569,3,2,B205;B256,B-B,True,True
257927955,7.306365,80.633967,3,1,B70,B-Other,False,True
3088508750,7.321894,80.624498,3,1,B365,B-Other,False,True
3088508756,7.321469,80.624586,3,1,B365,B-Other,False,True
1500297617,5.982127,80.446796,2,2,B466;B637,B-B,True,False
1185558582,6.81875,79.885969,3,1,B24,B-Other,False,True
1185558591,6.813044,79.881112,3,1,B24,B-Other,False,True
1186247404,6.868904,80.599958,3,2,B149;B71,B-B,True,True
1235783744,7.253494,80.172475,2,2,B456;B63,B-B,True,False
617967898,7.229818,80.201567,3,1,B456,B-Other,False,True
3204336190,7.619815,80.245998,3,1,B079,B-Other,False,True
1239435069,7.619892,80.24593,3,1,B079,B-Other,False,True
1239558969,7.295477,80.236624,2,2,B008;B009,B-B,True,False
3107607858,6.987266,80.013423,3,2,B214;B95,B-B,True,True
637834306,7.028912,79.921805,3,1,B554,B-Other,False,True
1242562100,6.042772,80.227437,3,2,B233;B41,B-B,True,True
1364675869,6.045617,80.22487,2,2,B109;B41,B-B,True,False
3804229985,9.816433,80.135192,2,2,B417;B418,B-B,True,False
1245037494,9.806956,80.157257,2,2,B418;B438,B-B,True,False
638929070,7.163845,79.946182,3,2,B111;B288,B-B,True,True
1261568415,7.229445,79.988481,2,2,B271;B324,B-B,True,False
1261568353,7.286245,79.985578,3,3,B271;B322;B503,B-B,True,True
639245116,7.208845,79.966728,2,2,B108;B321,B-B,True,False
4446651438,7.16761,79.882934,3,1,B598,B-Other,False,True
11722038133,7.166237,79.883024,3,1,B598,B-Other,False,True
4192345790,7.133357,79.888564,3,1,B598,B-Other,False,True
1268329299,7.13298,79.888598,2,2,B400;B598,B-B,True,False
11722038127,7.165382,79.883063,3,1,B598,B-Other,False,True
2155584793,7.192615,79.857209,4,1,B245,B-Other,False,True
13236794170,6.832928,79.90631,4,2,B388;B84,B-B,True,True
2155584783,7.200881,79.853413,3,1,B323,B-Other,False,True
1370716561,7.027908,79.915535,2,2,B168;B382,B-B,True,False
2155579905,7.02176,79.899638,4,1,B168,B-Other,False,True
1290251657,7.386902,80.733085,2,2,B205;B257,B-B,True,False
638937223,7.100132,79.991122,3,1,B288,B-Other,False,True
1292992471,7.088871,80.00539,2,2,B20;B288,B-B,True,False
1314754534,7.421072,80.633867,2,2,B180;B462,B-B,True,False
1397090861,5.975656,80.427557,3,2,B466;B646,B-B,True,True
3257848747,6.155122,80.183755,2,2,B128;B248,B-B,True,False
1425700952,6.787945,79.885116,3,1,B295,B-Other,False,True
1886606136,7.247827,80.131607,3,2,B63;B90,B-B,True,True
1985676796,6.253385,80.913274,3,1,B563,B-Other,False,True
6251962524,6.317933,80.998202,5,1,B587,B-Other,False,True
1723290267,6.413476,80.962799,2,2,B427;B549,B-B,True,False
1093751318,6.165816,80.205244,2,2,B153;B248,B-B,True,False
4729747389,6.197948,80.274721,2,2,B320;B454,B-B,True,False
4729747107,6.201583,80.276716,2,2,B303;B454,B-B,True,False
2068144084,6.840819,79.901332,3,1,B94,B-Other,False,True
1261568522,7.321866,79.977256,2,2,B308;B503,B-B,True,False
1474800248,7.272727,79.86449,3,1,B419,B-Other,False,True
2375441056,7.253628,79.854868,3,1,B468,B-Other,False,True
1489265551,6.716797,80.061667,3,1,B157,B-Other,False,True
1146766252,6.48096,80.127096,3,2,B157;B158,B-B,True,True
4904045485,6.522577,80.114357,3,1,B157,B-Other,False,True
1639380623,6.02436,80.600894,2,2,B275;B284,B-B,True,False
376774340,6.05282,80.62985,2,2,B275;B536,B-B,True,False
6542819619,6.082274,80.643741,3,1,B275,B-Other,False,True
13723181260,6.38123,81.314852,3,1,B464,B-Other,False,True
1740265426,6.413536,81.332554,3,2,B202;B464,B-B,True,True
2078784989,6.081875,80.566533,3,2,B415;B536,B-B,True,True
2165130846,6.080147,80.566192,3,2,B3;B415,B-B,True,True
3425048815,6.429813,79.99985,3,1,B157,B-Other,False,True
1138480058,6.261162,80.059544,2,2,B14;B40,B-B,True,False
247987689,6.172492,80.177829,3,2,B128;B153,B-B,True,True
3257914816,6.180465,80.191935,3,2,B153;B320,B-B,True,True
1660133452,6.038711,80.250176,3,1,B594,B-Other,False,True
3081634077,6.02961,80.241913,4,1,B594,B-Other,False,True
1660138837,6.063518,80.261536,3,1,B594,B-Other,False,True
3697145064,5.944612,80.549862,4,1,B524,B-Other,False,True
6260211180,6.881629,79.869769,3,1,B84,B-Other,False,True
9565070865,6.87732,79.869529,3,1,B84,B-Other,False,True
1683151528,6.877311,79.869473,4,1,B84,B-Other,False,True
1685409092,7.246161,81.707588,3,1,B1,B-Other,False,True
1150403426,6.90888,80.08259,4,2,B145;B146,B-B,True,True
1697436973,6.858596,80.091745,3,1,B285,B-Other,False,True
1697582696,6.835725,80.127709,3,2,B240;B285,B-B,True,True
3264925411,6.418516,81.324552,3,1,B202,B-Other,False,True
2018550459,6.438482,81.300994,2,2,B202;B35,B-B,True,False
6632178172,6.288909,81.085578,3,1,B631,B-Other,False,True
41607686,6.152355,81.144462,3,1,B251,B-Other,False,True
617823296,7.168521,80.12413,4,1,B361,B-Other,False,True
1723172809,7.112257,80.136276,2,2,B361;B445,B-B,True,False
2151603690,6.708012,80.435528,3,2,B265;B391,B-B,True,True
1724997103,7.238624,80.601112,3,2,B154;B364,B-B,True,True
1639029741,6.275181,81.291165,3,2,B422;B500,B-B,True,True
4807150340,7.877983,80.011001,3,1,B019,B-Other,False,True
1732626427,8.936276,79.923623,3,1,B403,B-Other,False,True
6250326162,8.837309,79.968469,3,1,B403,B-Other,False,True
1980566521,7.139472,80.234568,2,2,B457;B540,B-B,True,False
1737150787,6.832253,79.885589,2,2,B32;B389,B-B,True,False
10603977997,6.830512,79.867837,4,2,B032;B32,B-B,True,True
1737436593,6.853857,79.885325,3,1,B389,B-Other,False,True
256664026,6.856541,79.890711,3,2,B389;B84,B-B,True,True
9959089701,6.864894,79.896474,3,1,B389,B-Other,False,True
129615942,6.86512,79.896572,3,1,B389,B-Other,False,True
1720491131,6.418266,81.32507,3,1,B202,B-Other,False,True
3264925450,6.418055,81.324827,3,1,B259,B-Other,False,True
3751644917,6.14303,80.81228,3,1,B387,B-Other,False,True
1931937742,6.155627,80.697895,3,3,B450;B485;B54,B-B,True,True
1932028416,6.155497,80.69953,2,2,B450;B565,B-B,True,False
1931937816,6.158325,80.705656,2,2,B450;B629,B-B,True,False
7183404785,6.147764,80.763203,3,1,B450,B-Other,False,True
7183361981,6.147763,80.763575,3,1,B463,B-Other,False,True
12109482772,6.664057,79.93083,3,1,B449,B-Other,False,True
2079537908,6.727649,80.187324,2,2,B163;B68,B-B,True,False
2079537942,6.743879,80.176735,3,1,B285,B-Other,False,True
5264919265,6.73982,80.273725,3,1,B222,B-Other,False,True
1797964284,6.97133,80.265596,3,1,B93,B-Other,False,True
1805745150,7.045888,80.253456,3,1,B445,B-Other,False,True
1809637722,7.324894,80.625651,3,1,B206,B-Other,False,True
1809637851,7.324836,80.625802,3,1,B206,B-Other,False,True
3211942093,7.357135,80.566021,3,2,B150;B206,B-B,True,True
2157080312,6.002696,80.672322,3,1,B595,B-Other,False,True
3634944563,6.113137,80.931409,3,1,B622,B-Other,False,True
49365945,6.833334,80.984703,2,2,B043;B044,B-B,True,False
1147075948,6.93709,80.990966,3,1,B043,B-Other,False,True
4142435846,7.159722,80.564882,3,1,B132,B-Other,False,True
1785705927,7.159773,80.565032,4,1,B132,B-Other,False,True
1834958043,7.034359,80.656273,3,2,B148;B412,B-B,True,True
1836349953,7.378673,80.586667,3,2,B15;B150,B-B,True,True
258049267,7.410153,80.609492,3,1,B7,B-Other,False,True
3410071521,7.409764,80.605461,3,2,B377;B7,B-B,True,True
1836349723,7.381237,80.586674,3,2,B15;B377,B-B,True,True
2382152088,7.294153,80.649526,3,1,B69,B-Other,False,True
1837478229,7.297827,80.650443,3,2,B550;B69,B-B,True,True
3205666202,7.321663,79.976494,2,2,B308;B503,B-B,True,False
1855349523,7.255322,80.581386,2,2,B116;B306,B-B,True,False
1855322535,7.255015,80.58959,3,1,B116,B-Other,False,True
3237453500,7.214856,80.571039,3,2,B135;B91,B-B,True,True
3226286143,7.199587,80.547567,2,2,B172;B91,B-B,True,False
1856812890,7.292691,80.240859,3,1,B539,B-Other,False,True
1877266311,7.218027,81.849599,2,2,B1;B2,B-B,True,False
1896101718,7.706294,80.828739,2,2,B312;B615,B-B,True,False
1909593733,7.197785,80.669872,3,2,B125;B364,B-B,True,True
1924772358,6.96006,79.88107,4,1,B336,B-Other,False,True
1213041863,6.643698,80.179986,3,1,B304,B-Other,False,True
1931363942,6.035262,80.216958,3,1,B130,B-Other,False,True
3827971307,6.264603,80.691295,3,2,B485;B606,B-B,True,True
1932028753,6.146331,80.699017,2,2,B142;B54,B-B,True,False
1932027824,6.107406,80.648891,2,2,B142;B98,B-B,True,False
6548218206,6.083137,80.644441,2,2,B275;B309,B-B,True,False
1933502385,6.083169,80.64439,2,2,B275;B309,B-B,True,False
4814119764,7.33974,80.992828,3,1,B057,B-Other,False,True
3377606382,6.145688,81.073014,3,1,B562,B-Other,False,True
6038408772,7.281776,81.527468,3,1,B527,B-Other,False,True
1809637872,7.324708,80.6257,3,1,B206,B-Other,False,True
1181921747,8.32152,80.382205,3,1,B638,B-Other,False,True
1994857493,6.57959,80.707452,2,2,B124;B467,B-B,True,False
4020206699,6.598123,80.732418,2,2,B124;B223,B-B,True,False
1994843650,6.526588,80.170285,2,2,B421;B544,B-B,True,False
2143415342,6.460775,80.179435,2,2,B158;B544,B-B,True,False
560221118,6.542092,80.157664,3,1,B421,B-Other,False,True
560221199,6.524767,80.213602,2,2,B421;B584,B-B,True,False
2036185335,6.343222,80.771621,2,2,B115;B286,B-B,True,False
13723181257,6.380362,81.315054,3,1,B464,B-Other,False,True
1314754545,7.421284,80.633347,3,2,B180;B462,B-B,True,True
1157613973,7.416865,80.68323,3,2,B180;B461,B-B,True,True
2031636377,7.21004,81.013671,2,2,B036;B492,B-B,True,False
127659819,6.990426,80.217468,3,2,B408;B603,B-B,True,True
6545679857,7.033568,80.091889,2,2,B472;B479,B-B,True,False
6545679856,7.033585,80.092048,2,2,B472;B479,B-B,True,False
1235697388,7.043083,80.131493,3,2,B146;B472,B-B,True,True
324982229,7.002172,79.950907,3,1,B168,B-Other,False,True
3345071366,7.002149,79.951412,3,1,B168,B-Other,False,True
2035832247,6.973455,80.771528,3,2,B249;B331,B-B,True,True
2035832241,6.973249,80.771914,3,2,B249;B331,B-B,True,True
13650405023,6.973238,80.772047,2,2,B249;B331,B-B,True,False
198553743,6.971433,80.774463,2,2,B331;B332,B-B,True,False
252537410,6.833,79.964745,3,2,B239;B267,B-B,True,True
568948837,7.707673,80.771541,3,2,B312;B648,B-B,True,True
2910209739,7.520704,80.677095,2,2,B274;B392,B-B,True,False
2018057285,7.520075,80.929402,2,2,B484;B577,B-B,True,False
3655959347,6.256444,80.139181,2,2,B143;B454,B-B,True,False
2078753463,6.160159,80.584301,3,2,B415;B98,B-B,True,True
2164965848,6.101472,80.475324,2,2,B4;B636,B-B,True,False
2078785551,6.128253,80.425741,2,2,B4;B480,B-B,True,False
1190546887,6.839329,80.612288,3,2,B149;B329,B-B,True,True
1723290053,6.349116,80.905724,3,2,B549;B587,B-B,True,True
1912538707,6.922856,79.913402,3,1,B231,B-Other,False,True
325011481,6.963759,79.881712,4,1,B546,B-Other,False,True
2093606557,7.548799,80.621806,2,2,B346;B409,B-B,True,False
2093608215,7.75958,80.571028,4,1,B423,B-Other,False,True
3522149870,7.759919,80.570953,3,1,B423,B-Other,False,True
5519615353,8.058177,80.552376,2,2,B213;B423,B-B,True,False
2064203704,7.214265,79.847174,4,1,B261,B-Other,False,True
2285202897,8.039304,80.905625,3,1,B287,B-Other,False,True
257673145,6.797293,79.93076,3,2,B267;B84,B-B,True,True
3498479745,6.79597,79.94038,3,1,B84,B-Other,False,True
1149576728,6.862604,80.167876,2,2,B188;B426,B-B,True,False
1446610177,6.714477,79.989041,4,2,B216;B458,B-B,True,True
2017536532,6.079941,80.574626,2,2,B309;B536,B-B,True,False
2190965493,6.100484,80.477547,4,1,B3,B-Other,False,True
2185144071,6.343305,80.222794,2,2,B14;B158,B-B,True,False
4059337439,6.565444,79.999682,2,2,B302;B304,B-B,True,False
665006657,6.803896,79.940476,2,2,B267;B510,B-B,True,False
10578430168,7.254221,80.446501,3,2,B385;B583,B-B,True,True
3718488870,7.250956,80.450594,3,1,B583,B-Other,False,True
3229498069,7.216017,80.454575,2,2,B278;B592,B-B,True,False
4006801962,7.183143,80.454584,2,2,B136;B278,B-B,True,False
5547928141,7.326612,80.426164,2,2,B122;B385,B-B,True,False
3777579457,7.321926,80.392594,3,1,B384,B-Other,False,True
1268335758,7.2055,79.851271,3,1,B321,B-Other,False,True
2031647458,7.283423,81.043149,3,2,B057;B580,B-B,True,True
3088821708,7.26564,80.596606,3,1,B364,B-Other,False,True
1181395662,5.975661,80.427636,3,1,B466,B-Other,False,True
2375441004,7.124088,79.924673,3,1,B111,B-Other,False,True
638973604,7.123232,79.923577,3,2,B111;B400,B-B,True,True
4375137197,7.082416,79.868299,3,2,B425;B633,B-B,True,True
3780516724,6.96794,79.901555,3,1,B634,B-Other,False,True
2382076814,7.280937,80.666435,3,1,B413,B-Other,False,True
2382152045,7.2943,80.650003,3,1,B69,B-Other,False,True
2384952875,6.719311,80.785853,3,1,B593,B-Other,False,True
618514969,6.908558,79.895302,3,1,B470,B-Other,False,True
3340955133,6.907989,79.895747,3,1,B470,B-Other,False,True
2407176254,6.605462,80.798387,3,2,B38;B593,B-B,True,True
6358036287,6.985509,80.93448,2,2,B332;B471,B-B,True,False
1278086414,7.081734,79.890889,3,1,B633,B-Other,False,True
263155217,7.214638,80.598026,3,1,B135,B-Other,False,True
2646312392,6.789073,80.970186,3,1,B396,B-Other,False,True
1030050388,7.258323,80.555861,2,2,B116;B121,B-B,True,False
3170533458,7.249829,80.562316,3,2,B116;B66,B-B,True,True
2552014491,6.820366,80.984967,3,1,B396,B-Other,False,True
2568176881,5.976228,80.518545,3,1,B635,B-Other,False,True
3398081271,5.976218,80.518437,3,1,B635,B-Other,False,True
3219885917,7.251171,80.335388,3,1,B643,B-Other,False,True
3161365280,7.248007,80.34288,3,1,B643,B-Other,False,True
10132102403,6.255813,81.227384,3,1,B21,B-Other,False,True
49371992,6.976945,80.762255,3,1,B331,B-Other,False,True
268931537,6.877261,79.900395,3,1,B120,B-Other,False,True
618771179,6.883874,79.901923,2,2,B120;B345,B-B,True,False
6514093426,6.884117,79.901946,2,2,B120;B368,B-B,True,False
618771188,6.884244,79.901955,2,2,B120;B368,B-B,True,False
275517837,6.90332,79.905355,3,1,B120,B-Other,False,True
3141868639,6.903321,79.9115,4,2,B240;B653,B-B,True,True
2055561684,7.534059,80.913476,3,2,B312;B484,B-B,True,True
619918508,6.849,79.92448,3,1,B335,B-Other,False,True
610944465,6.301949,81.003249,4,3,B562;B563;B587,B-B,True,True
2689283758,6.958798,80.609398,2,2,B317;B406,B-B,True,False
2686377394,7.054993,80.534433,3,2,B317;B319,B-B,True,True
2686377386,7.054854,80.534331,3,2,B317;B319,B-B,True,True
638945897,7.224855,80.024772,3,2,B324;B430,B-B,True,True
6509381797,7.22453,80.01962,3,1,B324,B-Other,False,True
2712362969,6.877421,79.990066,3,1,B174,B-Other,False,True
1222995629,6.836882,80.571957,3,2,B149;B273,B-B,True,True
3195561861,6.842564,80.606782,3,2,B149;B330,B-B,True,True
2722750908,6.923738,79.977935,3,1,B263,B-Other,False,True
2722750909,6.924826,79.978592,3,1,B263,B-Other,False,True
2760582905,6.936078,79.915833,2,2,B435;B469,B-B,True,False
247140995,6.937477,80.738372,3,1,B381,B-Other,False,True
2608992327,6.938136,80.6617,3,1,B412,B-Other,False,True
4099698761,8.3349,80.393251,4,1,B638,B-Other,False,True
13587389094,8.345218,80.393175,3,1,B234,B-Other,False,True
7034884152,8.236263,80.350961,3,1,B213,B-Other,False,True
3205978508,7.150384,80.019574,2,2,B12;B430,B-B,True,False
2904638879,6.29299,80.163875,3,2,B14;B55,B-B,True,True
2906794382,6.289315,80.160891,2,2,B14;B523,B-B,True,False
49368243,6.906296,80.914051,3,1,B044,B-Other,False,True
2904638859,6.293631,80.163612,3,2,B523;B55,B-B,True,True
3211931764,6.298099,80.173317,2,2,B114;B14,B-B,True,False
77374718,6.046424,80.73308,2,2,B101;B630,B-B,True,False
2152975776,6.158345,80.698146,2,2,B485;B565,B-B,True,False
3478101817,7.265873,80.596267,3,1,B364,B-Other,False,True
3088508684,7.325174,80.626224,3,1,B205,B-Other,False,True
3088508746,7.321851,80.624419,3,1,B365,B-Other,False,True
1235697661,7.119769,80.116702,2,2,B445;B453,B-B,True,False
3120323405,7.097483,80.144685,2,2,B146;B434,B-B,True,False
3120324420,7.077118,80.121466,2,2,B434;B453,B-B,True,False
639298307,7.070474,80.093362,2,2,B434;B479,B-B,True,False
324965995,7.143891,80.095669,4,1,B445,B-Other,False,True
2620521080,6.904015,79.955185,3,2,B240;B263,B-B,True,True
971827647,6.903659,79.955225,3,1,B240,B-Other,False,True
3137149149,6.903982,80.528385,2,2,B26;B71,B-B,True,False
2686035634,6.913762,80.521176,3,2,B328;B71,B-B,True,True
6294540738,6.522853,80.113911,3,1,B304,B-Other,False,True
3145257092,6.411094,80.796607,3,1,B427,B-Other,False,True
1725074683,6.332414,80.855014,3,1,B486,B-Other,False,True
3147058589,6.334181,80.854278,3,1,B549,B-Other,False,True
3147058592,6.334072,80.853913,3,1,B549,B-Other,False,True
1639029976,6.285425,81.291432,3,2,B464;B500,B-B,True,True
610968963,6.285315,81.278092,2,2,B422;B464,B-B,True,False
3502161784,6.895034,79.924339,4,1,B47,B-Other,False,True
1662220531,7.246317,80.119476,2,2,B237;B324,B-B,True,False
3167641878,7.195687,80.153182,3,1,B476,B-Other,False,True
6548196295,7.484829,80.355183,3,1,B247,B-Other,False,True
1981311694,7.160866,80.55951,3,2,B132;B279,B-B,True,True
9462668423,7.082429,80.520501,3,2,B132;B318,B-B,True,True
3169826275,7.14918,80.58022,3,1,B490,B-Other,False,True
1855349632,7.228339,80.574825,2,2,B116;B91,B-B,True,False
4228041368,6.908406,79.929351,3,1,B644,B-Other,False,True
5320624392,7.324883,80.388194,3,1,B384,B-Other,False,True
403874820,6.931134,79.883108,3,1,B96,B-Other,False,True
4781602735,7.213249,80.754996,3,1,B492,B-Other,False,True
3201082623,7.212743,80.754853,3,1,B413,B-Other,False,True
4781591828,7.213019,80.754801,3,1,B413,B-Other,False,True
2019986609,7.217446,80.785266,2,2,B492;B494,B-B,True,False
3210113789,6.591443,80.085634,3,2,B157;B207,B-B,True,True
2088167963,6.455832,80.101637,2,2,B114;B157,B-B,True,False
6021413404,6.274375,80.137999,3,1,B14,B-Other,False,True
5557408306,7.43477,80.546769,2,2,B264;B7,B-B,True,False
3216973602,7.028956,80.295241,3,1,B482,B-Other,False,True
245519747,6.608409,79.952938,3,1,B224,B-Other,False,True
3226291720,7.229317,80.53646,3,2,B121;B172,B-B,True,True
3226275220,7.256992,80.518984,3,2,B172;B173,B-B,True,True
3237492302,7.265758,80.552128,3,1,B6,B-Other,False,True
674898973,7.153073,80.063667,2,2,B444;B445,B-B,True,False
248049055,6.141402,80.136957,3,2,B106;B153,B-B,True,True
1834981401,7.065047,80.680093,2,2,B412;B613,B-B,True,False
1834981446,7.059902,80.682571,2,2,B412;B612,B-B,True,False
3254668917,7.060629,80.683972,3,2,B612;B613,B-B,True,True
3256397109,6.022012,80.797455,3,2,B376;B83,B-B,True,True
1748992310,6.05108,80.734017,2,2,B54;B626,B-B,True,False
3264925415,6.418623,81.324787,3,1,B259,B-Other,False,True
5257134087,7.032841,81.058193,3,1,B036,B-Other,False,True
3271092569,7.218164,81.849609,3,1,B2,B-Other,False,True
4408220354,5.976771,80.698511,3,1,B525,B-Other,False,True
2280604896,6.518948,80.071448,2,2,B304;B481,B-B,True,False
6537339896,6.994605,79.874367,3,1,B151,B-Other,False,True
2155946168,5.946855,80.556644,3,1,B338,B-Other,False,True
3220669258,6.581874,80.801172,3,2,B467;B593,B-B,True,True
3371893296,6.58205,80.800767,3,1,B593,B-Other,False,True
639128147,7.209555,79.918146,2,2,B289;B321,B-B,True,False
610950712,6.146986,81.127145,3,1,B631,B-Other,False,True
3377484745,6.148253,81.127127,3,1,B631,B-Other,False,True
1720902277,6.146424,81.127124,3,1,B631,B-Other,False,True
3387391143,7.033789,80.092073,3,1,B479,B-Other,False,True
4152530093,6.955739,79.888138,3,1,B214,B-Other,False,True
3403175022,6.955869,79.888018,3,1,B214,B-Other,False,True
3425048799,6.429703,79.999908,3,1,B157,B-Other,False,True
3431908601,6.972147,79.885917,3,1,B634,B-Other,False,True
1474795689,7.297032,79.88188,3,1,B419,B-Other,False,True
2199336301,7.297366,79.882788,3,1,B308,B-Other,False,True
2732633599,7.92897,80.687406,3,1,B162,B-Other,False,True
2019733995,7.940094,80.727619,2,2,B162;B218,B-B,True,False
2015265429,7.190077,80.301517,2,2,B127;B602,B-B,True,False
12794013248,7.454099,80.682627,3,2,B257;B461,B-B,True,True
3484165078,6.638708,80.312034,2,2,B160;B34,B-B,True,False
1093799558,6.340257,80.336621,3,2,B156;B411,B-B,True,True
3498436079,6.808835,79.920601,3,1,B84,B-Other,False,True
3570836873,6.802185,79.922366,3,1,B84,B-Other,False,True
7062446558,6.809446,79.920635,4,2,B639;B84,B-B,True,True
3803845891,6.805943,79.926484,3,1,B367,B-Other,False,True
291672423,6.809368,79.938962,2,2,B367;B510,B-B,True,False
3498455036,6.801341,79.935082,3,2,B267;B639,B-B,True,True
3498458035,6.797625,79.940541,2,2,B510;B639,B-B,True,False
3498458036,6.797489,79.940601,2,2,B510;B639,B-B,True,False
3498479737,6.795604,79.940874,3,2,B639;B84,B-B,True,True
257673162,6.801726,79.935469,3,1,B267,B-Other,False,True
3498458033,6.797766,79.940877,3,1,B510,B-Other,False,True
3498479727,6.794993,79.940587,3,1,B216,B-Other,False,True
3498479747,6.795564,79.940743,3,3,B216;B639;B84,B-B,True,True
3498479748,6.795485,79.940825,3,3,B216;B639;B84,B-B,True,True
5968372698,6.795679,79.940783,3,2,B639;B84,B-B,True,True
618528183,6.909148,79.896233,4,1,B470,B-Other,False,True
2686377371,7.05475,80.53347,3,2,B318;B319,B-B,True,True
3514826055,7.04188,80.313037,3,2,B358;B482,B-B,True,True
617190011,6.896612,79.959411,2,2,B240;B645,B-B,True,False
5064507626,6.94277,79.989732,3,1,B214,B-Other,False,True
3517629554,6.961143,79.99593,3,1,B214,B-Other,False,True
3206169196,6.96155,79.996137,4,2,B214;B632,B-B,True,True
3521595117,6.840988,79.901776,4,2,B84;B94,B-B,True,True
6519129899,6.844556,79.925888,3,2,B367;B94,B-B,True,True
6519129898,6.844472,79.925775,2,2,B367;B94,B-B,True,False
1737485326,6.841154,79.902246,3,1,B94,B-Other,False,True
2078754703,6.260663,80.603455,3,2,B415;B607,B-B,True,True
3522149875,7.759712,80.571141,4,1,B423,B-Other,False,True
683787618,6.91092,79.889976,2,2,B232;B62,B-B,True,False
2078753477,6.16074,80.584757,3,1,B98,B-Other,False,True
2661656508,6.227764,80.825251,2,2,B622;B623,B-B,True,False
610929939,6.153563,80.768345,3,2,B463;B623,B-B,True,True
3547525265,6.18414,80.793093,3,2,B623;B625,B-B,True,True
3635049258,6.195971,80.800154,2,2,B623;B625,B-B,True,False
3570836882,6.801321,79.923129,3,1,B84,B-Other,False,True
3570836878,6.801739,79.922731,4,2,B295;B84,B-B,True,True
3570836884,6.80184,79.922739,3,2,B367;B84,B-B,True,True
3570836895,6.801788,79.922791,4,2,B367;B84,B-B,True,True
3570836893,6.801789,79.922685,4,2,B295;B84,B-B,True,True
3166543427,6.921978,79.926812,3,2,B231;B644,B-B,True,True
2407176375,6.607208,80.796264,3,2,B38;B593,B-B,True,True
1828212200,6.631676,80.723966,3,2,B223;B38,B-B,True,True
2035845823,6.970336,80.784474,2,2,B249;B332,B-B,True,False
3645537814,7.226464,80.051678,2,2,B324;B443,B-B,True,False
617823366,7.247458,80.129454,3,1,B324,B-Other,False,True
3586058703,7.372519,80.524642,3,2,B122;B647,B-B,True,True
2035855681,7.020037,80.854158,3,2,B332;B413,B-B,True,True
324997495,6.966849,79.899849,4,1,B215,B-Other,False,True
1840750860,6.991134,79.939418,3,1,B460,B-Other,False,True
12856077341,5.966034,80.54785,3,1,B275,B-Other,False,True
7903823164,6.970755,79.972515,3,1,B632,B-Other,False,True
403841840,6.942284,79.961811,2,2,B214;B254,B-B,True,False
3603503553,6.938872,79.971152,3,1,B214,B-Other,False,True
3856554872,7.351328,80.682541,3,2,B369;B462,B-B,True,True
5369721906,7.348798,80.679984,2,2,B242;B369,B-B,True,False
3619696818,7.334241,80.674275,3,2,B205;B369,B-B,True,True
2083588478,6.67945,80.162123,2,2,B304;B68,B-B,True,False
1213042254,6.652881,80.176883,3,1,B304,B-Other,False,True
5222832369,6.649672,80.177933,3,1,B304,B-Other,False,True
3620006922,7.449395,80.631013,3,1,B461,B-Other,False,True
3594319501,5.948821,80.547072,4,1,B275,B-Other,False,True
617799602,7.328438,80.023878,5,1,B308,B-Other,False,True
8771443550,7.328227,80.024468,5,1,B308,B-Other,False,True
3827971313,6.264876,80.691245,3,1,B606,B-Other,False,True
3640129666,6.238737,80.816551,2,2,B622;B624,B-B,True,False
3784921861,6.251703,80.783916,3,2,B486;B622,B-B,True,True
667547394,7.195059,79.98459,2,2,B111;B225,B-B,True,False
3645486728,7.439779,80.631744,3,1,B462,B-Other,False,True
3655100675,7.576624,79.796018,3,1,B079,B-Other,False,True
6592863153,6.925293,80.504314,2,2,B25;B328,B-B,True,False
1727359184,7.465841,80.622847,3,1,B586,B-Other,False,True
3662474376,7.465996,80.62337,4,1,B586,B-Other,False,True
3662474367,7.465916,80.623432,3,1,B586,B-Other,False,True
4885745120,5.944602,80.549931,4,1,B524,B-Other,False,True
912273614,6.588429,80.41605,3,2,B390;B421,B-B,True,True
1720902666,6.202636,81.196581,3,1,B567,B-Other,False,True
6247997832,6.209382,81.046083,3,1,B562,B-Other,False,True
3377554125,6.154833,81.127156,3,1,B631,B-Other,False,True
2544603913,6.152637,81.127284,3,1,B631,B-Other,False,True
3169248401,6.148249,81.127197,3,1,B631,B-Other,False,True
3169248398,6.159503,81.127329,3,1,B631,B-Other,False,True
3377554135,6.154795,81.127336,3,1,B631,B-Other,False,True
3377554171,6.152636,81.127166,3,1,B631,B-Other,False,True
3683993724,6.380923,81.314767,3,2,B259;B464,B-B,True,True
1818583243,6.162557,80.904446,3,1,B622,B-Other,False,True
1985676777,6.162408,80.897409,3,1,B548,B-Other,False,True
1428665347,6.213844,80.944329,3,1,B548,B-Other,False,True
3896044935,6.909568,79.896369,3,1,B62,B-Other,False,True
3731372276,6.891305,79.928861,4,2,B47;B533,B-B,True,True
2974015161,6.891072,79.928365,3,1,B533,B-Other,False,True
6509381795,7.22435,80.019099,3,1,B111,B-Other,False,True
3619718204,7.339376,80.693332,2,2,B205;B369,B-B,True,False
652384089,6.788103,79.885169,3,1,B295,B-Other,False,True
1748892859,6.143304,80.812028,3,1,B387,B-Other,False,True
3758716316,7.254495,80.576721,3,2,B306;B66,B-B,True,True
3745318479,7.081635,80.468983,2,2,B318;B588,B-B,True,False
3215382447,6.989024,80.494261,3,1,B319,B-Other,False,True
7183361984,6.14741,80.763229,3,1,B627,B-Other,False,True
2499287720,6.967856,79.901503,4,1,B634,B-Other,False,True
1725074569,6.252089,80.783845,3,1,B486,B-Other,False,True
1725074566,6.251667,80.783792,3,1,B486,B-Other,False,True
2362937346,7.437798,80.338315,3,1,B87,B-Other,False,True
2584550963,7.248339,80.34398,3,1,B643,B-Other,False,True
3817590031,7.250366,80.368071,3,1,B643,B-Other,False,True
3592104626,7.091026,79.99981,3,1,B288,B-Other,False,True
2590173342,7.094347,80.564555,2,2,B431;B490,B-B,True,False
848610217,9.823412,80.169583,3,1,B438,B-Other,False,True
4784496254,7.003069,79.956333,6,1,B641,B-Other,False,True
3600553580,7.002525,79.960124,3,1,B641,B-Other,False,True
13624920350,7.268735,80.592657,3,1,B365,B-Other,False,True
5120237603,7.266104,80.592651,3,1,B365,B-Other,False,True
4096475956,7.272624,80.603836,3,1,B365,B-Other,False,True
3813344287,7.4243,80.616627,3,1,B180,B-Other,False,True
2823998651,7.085481,80.034072,3,1,B479,B-Other,False,True
47822231,6.037349,80.228239,3,1,B41,B-Other,False,True
324994643,6.975689,79.924641,4,1,B220,B-Other,False,True
3453321762,7.185006,80.320232,2,2,B602;B604,B-B,True,False
635164739,6.862867,79.865847,2,2,B229;B560,B-B,True,False
3827971310,6.264703,80.691417,2,2,B485;B606,B-B,True,False
3142698207,6.260569,80.744557,2,2,B485;B629,B-B,True,False
3218455285,6.726558,80.033746,3,1,B84,B-Other,False,True
2703675509,7.224617,80.018973,3,1,B324,B-Other,False,True
3577854817,6.989767,79.892921,4,1,B151,B-Other,False,True
2155580113,7.047762,79.897122,3,1,B382,B-Other,False,True
1533913594,6.85129,79.866366,4,1,B94,B-Other,False,True
3861760657,6.902138,79.919108,3,1,B240,B-Other,False,True
3120332567,7.078902,80.144436,3,1,B146,B-Other,False,True
1235697764,7.097741,80.144641,3,2,B146;B445,B-B,True,True
3883403616,7.078299,80.144229,3,1,B146,B-Other,False,True
3883403618,7.078483,80.144702,3,1,B408,B-Other,False,True
3883403623,7.078552,80.144314,3,1,B146,B-Other,False,True
5344838927,6.805526,79.926304,2,2,B367;B639,B-B,True,False
3320941718,6.80548,79.926363,2,2,B367;B639,B-B,True,False
5968326761,6.801373,79.935022,2,2,B267;B639,B-B,True,False
3320941694,6.809229,79.920862,3,1,B639,B-Other,False,True
3498436506,6.809368,79.920636,4,2,B639;B84,B-B,True,True
3521595128,6.841026,79.901634,4,2,B84;B94,B-B,True,True
10219043287,6.90971,79.895842,3,1,B62,B-Other,False,True
3902482146,6.840934,79.901678,4,2,B84;B94,B-B,True,True
3521592487,6.841073,79.901731,4,2,B84;B94,B-B,True,True
130445589,6.229533,80.054273,3,1,B49,B-Other,False,True
3935855298,5.968964,80.422119,3,1,B646,B-Other,False,True
3669997743,6.032955,80.79636,3,1,B410,B-Other,False,True
1186240445,6.889892,80.598162,3,1,B149,B-Other,False,True
11035177227,6.792744,80.0541,3,1,B239,B-Other,False,True
3998841948,7.290769,80.60715,3,2,B365;B537,B-B,True,True
3738834813,7.272944,80.604166,3,1,B365,B-Other,False,True
4004597816,7.291249,80.637419,3,2,B518;B521,B-B,True,True
4019244692,7.307013,80.634597,3,1,B70,B-Other,False,True
4019244695,7.306903,80.634571,4,1,B70,B-Other,False,True
4045295806,6.48045,80.702287,3,1,B351,B-Other,False,True
2315595592,7.258774,80.599569,3,1,B364,B-Other,False,True
4032560667,7.258082,80.599459,3,1,B364,B-Other,False,True
5139375451,7.266134,80.596441,3,1,B364,B-Other,False,True
257926316,7.286977,80.647817,3,2,B195;B518,B-B,True,True
2019950765,7.213236,80.754746,3,1,B413,B-Other,False,True
1994703248,6.539544,80.364511,2,2,B34;B421,B-B,True,False
4067944347,7.483153,80.353517,2,2,B247;B27,B-B,True,False
4067944346,7.483268,80.353628,2,2,B247;B27,B-B,True,False
6548196299,7.484104,80.35446,3,1,B247,B-Other,False,True
620529017,7.091863,79.888447,4,1,B425,B-Other,False,True
1683204299,7.198705,79.853936,3,1,B246,B-Other,False,True
4087054249,7.198637,79.854176,3,1,B246,B-Other,False,True
6275242615,7.198576,79.854433,3,1,B246,B-Other,False,True
4087054259,7.198519,79.85446,3,1,B246,B-Other,False,True
5804555891,7.219483,79.845392,4,1,B78,B-Other,False,True
2155634710,7.219375,79.845358,4,1,B78,B-Other,False,True
2078328569,7.265438,80.584078,3,1,B5,B-Other,False,True
6545320376,8.334323,80.392824,3,1,B638,B-Other,False,True
2686509758,7.054717,80.534496,3,1,B317,B-Other,False,True
4137353396,8.321285,80.382009,3,1,B638,B-Other,False,True
3336273931,8.04076,80.596571,3,1,B213,B-Other,False,True
13564859268,8.3276,80.361067,3,1,B234,B-Other,False,True
4142435852,7.159708,80.565022,4,1,B132,B-Other,False,True
3261809905,6.289465,81.085226,3,1,B631,B-Other,False,True
4152530101,6.955796,79.888254,3,1,B214,B-Other,False,True
5693657962,7.293033,80.637749,3,1,B518,B-Other,False,True
3215623441,6.92534,80.48555,3,2,B189;B25,B-B,True,True
6017749566,7.288722,80.495782,2,2,B173;B6,B-B,True,False
3633693455,6.291778,80.637886,3,1,B415,B-Other,False,True
3633693454,6.291108,80.637873,3,1,B415,B-Other,False,True
2078755191,6.28339,80.637646,2,2,B415;B606,B-B,True,False
324965926,7.143901,80.095598,4,1,B445,B-Other,False,True
2760582895,6.935996,79.916056,2,2,B435;B469,B-B,True,False
2760582908,6.935677,79.916222,3,1,B469,B-Other,False,True
5239209328,6.907997,79.929387,3,2,B240;B644,B-B,True,True
3203261039,7.192161,80.038313,2,2,B183;B430,B-B,True,False
6514093427,6.884192,79.902531,3,1,B368,B-Other,False,True
49365524,6.830787,80.988781,3,1,B044,B-Other,False,True
4394543338,7.37075,80.527641,3,1,B122,B-Other,False,True
5153486356,7.104167,80.336636,3,1,B67,B-Other,False,True
4430564637,7.077644,80.644694,3,2,B431;B582,B-B,True,True
4446651431,7.167914,79.882953,4,2,B208;B598,B-B,True,True
5904560300,7.167838,79.882842,4,1,B598,B-Other,False,True
1285521703,7.028339,79.921739,4,2,B168;B554,B-B,True,True
1285521727,7.028354,79.921927,3,2,B168;B554,B-B,True,True
403816206,6.937395,79.94521,3,1,B435,B-Other,False,True
3664816336,7.767638,81.178324,2,2,B502;B517,B-B,True,False
2141873197,6.933472,80.188013,3,1,B426,B-Other,False,True
7765114184,7.756141,80.567997,3,1,B346,B-Other,False,True
4600910031,7.339447,80.131258,2,2,B009;B308,B-B,True,False
4755847830,6.893486,79.937625,3,1,B645,B-Other,False,True
325000016,6.957427,79.88965,4,1,B546,B-Other,False,True
6292190479,6.840937,79.965033,3,1,B239,B-Other,False,True
6292190587,6.841572,79.964893,3,1,B239,B-Other,False,True
3109024823,6.841251,79.965142,4,1,B239,B-Other,False,True
3548926831,7.222553,81.031531,2,2,B036;B580,B-B,True,False
4678368699,6.930973,79.882706,3,1,B96,B-Other,False,True
2117500121,6.930288,79.878306,3,1,B96,B-Other,False,True
3369556773,6.607366,80.236229,2,2,B584;B656,B-B,True,False
598167934,6.828932,80.894547,3,2,B353;B508,B-B,True,True
2015279496,7.123982,80.287672,2,2,B127;B605,B-B,True,False
658424660,7.034867,79.990667,4,1,B161,B-Other,False,True
5316437631,7.066494,80.012612,3,1,B214,B-Other,False,True
5316437634,7.066608,80.0123,3,1,B214,B-Other,False,True
619905141,7.066645,80.012222,3,1,B214,B-Other,False,True
3732342020,7.098318,80.399197,2,2,B588;B67,B-B,True,False
7085506299,6.812881,79.880865,3,1,B24,B-Other,False,True
50422936,6.797428,79.888573,3,1,B204,B-Other,False,True
4807150328,7.877725,80.01093,3,1,B019,B-Other,False,True
4814119780,7.340038,80.99301,3,1,B057,B-Other,False,True
4877035512,7.144528,80.855916,2,2,B492;B511,B-B,True,False
2078334820,7.145863,80.78402,3,2,B364;B413,B-B,True,True
5276999759,6.893264,79.935305,3,1,B645,B-Other,False,True
4877071672,7.130297,80.842911,2,2,B413;B511,B-B,True,False
2362937081,7.329996,80.388061,3,2,B384;B475,B-B,True,True
1828217445,6.652302,80.697902,3,1,B049,B-Other,False,True
2638058713,7.993992,80.269467,3,1,B019,B-Other,False,True
4814119752,7.340053,80.992871,3,1,B057,B-Other,False,True
5140888508,7.248125,80.343196,4,1,B643,B-Other,False,True
1239442870,7.412801,80.210391,2,2,B008;B308,B-B,True,False
3592104628,7.091132,79.999574,3,1,B288,B-Other,False,True
1720491739,6.760291,81.247045,3,1,B35,B-Other,False,True
50415165,6.629178,79.943101,3,1,B458,B-Other,False,True
2362937242,7.395997,80.389202,2,2,B384;B87,B-B,True,False
1241600897,6.947747,80.093629,3,1,B95,B-Other,False,True
6721753073,7.086008,80.03349,4,1,B479,B-Other,False,True
6721810540,7.085943,80.033423,3,1,B479,B-Other,False,True
4790019635,7.074073,80.015405,3,1,B288,B-Other,False,True
2051261091,7.607041,80.823398,2,2,B312;B648,B-B,True,False
1093763628,6.107396,80.334993,3,1,B129,B-Other,False,True
1093762966,6.201761,80.335226,2,2,B129;B139,B-B,True,False
1529199964,6.012664,80.565823,2,2,B275;B415,B-B,True,False
1222995635,6.836479,80.571757,3,1,B273,B-Other,False,True
2185127828,6.392992,80.219448,2,2,B158;B363,B-B,True,False
6294540739,6.523262,80.114475,3,1,B157,B-Other,False,True
3517300319,6.790291,80.61141,3,2,B273;B330,B-B,True,True
5064507311,6.941528,79.98719,4,1,B214,B-Other,False,True
5064507314,6.941612,79.987187,3,1,B214,B-Other,False,True
5064507312,6.941553,79.987268,4,1,B214,B-Other,False,True
5064507313,6.941639,79.987268,3,1,B214,B-Other,False,True
5612896612,6.700679,80.608581,2,2,B39;B477,B-B,True,False
3742592981,7.290718,80.643692,2,2,B195;B608,B-B,True,False
3301611007,6.923084,79.913309,3,1,B231,B-Other,False,True
3390658487,6.949311,80.773767,3,1,B512,B-Other,False,True
255179552,6.867539,79.910088,2,2,B291;B530,B-B,True,False
11959575861,6.874931,79.901602,3,1,B291,B-Other,False,True
2499283524,6.9721,79.885869,3,1,B634,B-Other,False,True
3081634087,6.029667,80.24186,4,1,B594,B-Other,False,True
2081130926,6.705612,80.555785,2,2,B391;B477,B-B,True,False
4817240135,6.907973,79.929334,2,2,B240;B644,B-B,True,False
3354710539,6.902286,79.919711,3,2,B240;B47,B-B,True,True
5248342416,7.488774,80.362086,4,1,B247,B-Other,False,True
5248343437,7.488733,80.362015,4,1,B247,B-Other,False,True
4140985775,8.030448,79.828463,3,1,B379,B-Other,False,True
1186240418,6.891673,80.598409,3,1,B149,B-Other,False,True
1661735220,6.891584,79.922479,3,1,B533,B-Other,False,True
5276999774,6.893472,79.93529,3,1,B645,B-Other,False,True
2078753475,6.160725,80.584277,3,2,B415;B98,B-B,True,True
5159312518,7.321888,80.392022,3,1,B384,B-Other,False,True
3189672680,7.323172,80.389518,4,1,B384,B-Other,False,True
4019531402,6.800999,79.934714,3,1,B267,B-Other,False,True
5968393656,6.801317,79.93496,2,2,B267;B639,B-B,True,False
5968393657,6.801285,79.935018,3,2,B267;B639,B-B,True,True
5968395016,6.805435,79.926274,2,2,B367;B639,B-B,True,False
5344838936,6.805395,79.926333,2,2,B367;B639,B-B,True,False
5352135771,6.950323,79.917307,3,1,B214,B-Other,False,True
129607365,6.842143,80.09171,3,1,B123,B-Other,False,True
4860202575,6.848275,79.897781,3,2,B134;B84,B-B,True,True
403899801,6.982958,79.875263,3,1,B459,B-Other,False,True
6719733717,6.902066,79.919635,3,1,B47,B-Other,False,True
3502162896,6.895188,79.924075,3,1,B47,B-Other,False,True
4884114552,8.089937,80.637861,3,1,B133,B-Other,False,True
5007247077,6.922693,79.913209,3,1,B469,B-Other,False,True
1912538674,6.922612,79.91366,3,1,B231,B-Other,False,True
5488683288,6.909703,79.895863,3,1,B62,B-Other,False,True
662848124,6.909376,79.896134,4,1,B62,B-Other,False,True
3591964802,7.252078,80.435347,3,1,B583,B-Other,False,True
3289575296,6.90347,79.911135,3,1,B240,B-Other,False,True
4790019632,7.07334,80.0162,4,1,B288,B-Other,False,True
4790019634,7.07327,80.016123,4,1,B288,B-Other,False,True
5559025440,7.00445,79.954172,3,1,B58,B-Other,False,True
5559025441,7.004666,79.954151,3,1,B58,B-Other,False,True
5559025442,7.005019,79.954235,3,1,B58,B-Other,False,True
4785724017,7.011035,79.966354,3,1,B641,B-Other,False,True
3600567895,7.004487,79.96339,3,1,B641,B-Other,False,True
3600567908,7.00461,79.963491,3,1,B641,B-Other,False,True
3600585997,7.004678,79.963406,3,1,B641,B-Other,False,True
3600553558,7.002968,79.956458,3,1,B641,B-Other,False,True
4785723989,7.010946,79.966544,3,1,B641,B-Other,False,True
2966142485,7.002786,79.953551,4,1,B58,B-Other,False,True
2966142456,7.001634,79.950909,4,1,B169,B-Other,False,True
5559025503,7.00193,79.951312,4,1,B168,B-Other,False,True
13663348779,7.011092,79.966389,3,1,B641,B-Other,False,True
5373596579,6.848548,79.897682,3,1,B134,B-Other,False,True
3215585621,6.986899,80.444861,3,1,B189,B-Other,False,True
13811685898,7.234979,80.309977,3,1,B127,B-Other,False,True
8312180939,6.680093,80.400165,4,1,B390,B-Other,False,True
5944495992,7.426596,80.213551,3,1,B308,B-Other,False,True
5968372697,6.801131,79.935256,3,1,B639,B-Other,False,True
6038408773,7.282066,81.526813,3,1,B527,B-Other,False,True
1834922625,7.0968,80.645875,3,1,B431,B-Other,False,True
6248011210,6.152874,81.144693,3,1,B251,B-Other,False,True
5144316831,6.1529,81.144578,3,1,B251,B-Other,False,True
2686032868,6.84749,80.551735,3,2,B149;B328,B-B,True,True
3699456789,6.169823,80.896354,3,2,B548;B622,B-B,True,True
6249854577,6.170053,80.896196,4,1,B622,B-Other,False,True
6250326150,8.836752,79.968852,3,1,B403,B-Other,False,True
6250328436,8.936754,79.923653,3,1,B403,B-Other,False,True
13716601407,6.317891,80.998271,3,1,B587,B-Other,False,True
3033904482,7.292766,80.635029,3,1,B521,B-Other,False,True
13698912445,6.037868,80.249995,4,1,B594,B-Other,False,True
2506020933,7.08229,79.868182,3,2,B425;B633,B-B,True,True
1093799764,6.222394,80.333305,2,2,B129;B429,B-B,True,False
6294406153,6.542342,80.157374,2,2,B304;B421,B-B,True,False
6294406154,6.542349,80.157594,3,2,B304;B421,B-B,True,True
247140202,6.947529,80.630009,3,1,B317,B-Other,False,True
1979346418,7.160762,81.225432,3,1,B057,B-Other,False,True
1834981067,7.065206,80.679311,2,2,B412;B582,B-B,True,False
3221213836,7.174131,80.361924,3,1,B602,B-Other,False,True
1418747700,6.727281,79.900525,3,1,B235,B-Other,False,True
1418747698,6.727177,79.900691,3,1,B235,B-Other,False,True
6513598495,6.893831,79.935142,3,1,B642,B-Other,False,True
6513995677,6.892593,79.92175,4,1,B533,B-Other,False,True
6513995679,6.892613,79.921621,4,1,B531,B-Other,False,True
6513995678,6.892551,79.921655,4,2,B531;B533,B-B,True,True
6513995667,6.892435,79.921726,2,2,B531;B533,B-B,True,False
5157977022,6.894963,79.924296,3,1,B47,B-Other,False,True
6518084183,6.891397,79.928855,4,2,B47;B533,B-B,True,True
3731371610,6.891352,79.928926,4,3,B47;B533;B645,B-B,True,True
2974015147,6.891436,79.92892,4,3,B47;B533;B645,B-B,True,True
6518088285,6.891616,79.92924,3,1,B645,B-Other,False,True
250734529,6.876358,79.935372,3,1,B47,B-Other,False,True
1792760335,6.083084,80.646941,3,1,B141,B-Other,False,True
1932028801,6.085225,80.646187,3,1,B142,B-Other,False,True
1093763092,6.107077,80.334453,3,1,B129,B-Other,False,True
2215855644,6.079541,80.284354,2,2,B129;B578,B-B,True,False
6545320374,8.334648,80.393104,3,1,B638,B-Other,False,True
6545320373,8.334522,80.393019,3,1,B638,B-Other,False,True
5202667325,7.928959,80.686857,3,1,B162,B-Other,False,True
6547922837,7.430672,80.214441,3,2,B247;B308,B-B,True,True
6547922838,7.430575,80.214438,2,2,B247;B308,B-B,True,False
6547914278,7.430591,80.214366,3,2,B247;B308,B-B,True,True
7260121838,7.018315,79.882233,3,1,B655,B-Other,False,True
2142265829,7.014219,79.867595,2,2,B152;B655,B-B,True,False
2686590800,7.052616,80.590254,3,3,B148;B491;B506,B-B,True,True
6695505186,7.272589,79.864258,3,1,B419,B-Other,False,True
6719733720,6.902031,79.919554,3,1,B47,B-Other,False,True
3354710540,6.902155,79.91936,3,2,B240;B47,B-B,True,True
6719733698,6.895072,79.924108,3,1,B47,B-Other,False,True
7183361983,6.147405,80.76351,3,1,B410,B-Other,False,True
4929241911,7.248056,80.343256,4,1,B643,B-Other,False,True
4929241932,7.248034,80.343197,3,1,B643,B-Other,False,True
252537325,6.751157,80.021431,3,1,B84,B-Other,False,True
1212770521,6.72836,80.033163,3,1,B84,B-Other,False,True
7085525494,6.812788,79.880938,3,1,B24,B-Other,False,True
7094700078,7.265819,80.592385,3,1,B365,B-Other,False,True
7103753925,6.608279,79.952719,4,1,B224,B-Other,False,True
7168896405,6.825139,79.883584,2,2,B24;B389,B-B,True,False
7183361982,6.147556,80.763632,3,1,B387,B-Other,False,True
7183441660,6.273409,80.136643,3,1,B14,B-Other,False,True
3655959354,6.269845,80.138979,3,1,B143,B-Other,False,True
7205862648,6.853957,79.88508,3,1,B389,B-Other,False,True
7205862641,6.853819,79.885105,3,1,B389,B-Other,False,True
4730103455,6.201401,80.303487,2,2,B139;B303,B-B,True,False
4815668572,7.092581,80.798564,3,1,B413,B-Other,False,True
7569009680,9.823711,80.169467,3,1,B438,B-Other,False,True
403875118,6.908245,79.898965,4,1,B62,B-Other,False,True
1976198850,7.47243,80.023068,3,1,B247,B-Other,False,True
4086635248,7.470231,80.04651,3,1,B247,B-Other,False,True
6251962520,6.301967,81.003313,3,3,B562;B563;B587,B-B,True,True
8082580144,6.561304,79.968993,4,1,B207,B-Other,False,True
2280537322,6.561267,79.969421,3,1,B207,B-Other,False,True
3477883917,7.068391,79.96137,2,2,B226;B58,B-B,True,False
1796923216,6.716396,80.191486,2,2,B144;B68,B-B,True,False
3771886827,6.680349,80.400314,3,1,B390,B-Other,False,True
619742785,6.887332,79.994072,3,1,B174,B-Other,False,True
8605932100,7.294224,80.649976,3,1,B69,B-Other,False,True
5612934470,6.783652,80.697722,2,2,B329;B339,B-B,True,False
1896204980,7.605933,80.822865,3,1,B312,B-Other,False,True
403899823,7.027495,79.865662,3,2,B152;B596,B-B,True,True
8771443573,7.328341,80.024071,3,1,B308,B-Other,False,True
9201280517,7.293041,80.635105,3,1,B521,B-Other,False,True
10130181954,6.561137,79.969028,4,1,B207,B-Other,False,True
5373596576,6.848315,79.897696,3,2,B134;B84,B-B,True,True
2051320917,7.984959,80.720659,3,1,B218,B-Other,False,True
1685803214,8.325548,81.300798,3,1,B10,B-Other,False,True
9565070864,6.877239,79.869551,3,1,B84,B-Other,False,True
9547857711,6.876736,79.869886,3,1,B84,B-Other,False,True
5037942619,6.877225,79.869487,4,1,B84,B-Other,False,True
2068144145,6.84686,79.926448,3,1,B94,B-Other,False,True
9577055313,6.847207,79.926548,3,1,B94,B-Other,False,True
2974015141,6.891835,79.928907,3,1,B47,B-Other,False,True
5277143310,6.890951,79.928861,3,1,B47,B-Other,False,True
256823957,6.902215,79.919573,3,2,B240;B47,B-B,True,True
3404831124,6.902183,79.919483,3,2,B240;B47,B-B,True,True
7103760769,6.608372,79.952666,4,1,B224,B-Other,False,True
2974015176,6.891608,79.929634,3,1,B645,B-Other,False,True
403816151,6.94416,79.878967,3,1,B435,B-Other,False,True
10132102319,6.277449,81.286558,3,1,B422,B-Other,False,True
621816440,6.892361,79.877059,4,1,B307,B-Other,False,True
3804176571,6.87695,79.92638,3,1,B368,B-Other,False,True
12553497571,6.039712,80.234123,3,1,B129,B-Other,False,True
10259347344,6.876874,79.9269,4,1,B368,B-Other,False,True
10259347359,6.876896,79.926612,3,1,B368,B-Other,False,True
3150410545,6.930352,79.878106,4,1,B96,B-Other,False,True
635914018,6.930389,79.877991,3,1,B96,B-Other,False,True
10264115338,6.876699,79.869824,3,1,B84,B-Other,False,True
13149927792,6.78495,80.05529,3,1,B239,B-Other,False,True
11037159201,6.820262,79.889078,3,1,B24,B-Other,False,True
6543553384,6.301411,80.317318,2,2,B156;B429,B-B,True,False
3249089698,6.141399,80.136767,2,2,B106;B153,B-B,True,False
4815668922,7.092782,80.797316,3,1,B413,B-Other,False,True
1212770520,6.726098,80.033969,3,1,B84,B-Other,False,True
11765244589,6.726526,80.03369,3,1,B84,B-Other,False,True
11959575852,6.87622,79.900669,4,2,B120;B291,B-B,True,True
11959629976,6.875362,79.900959,4,2,B291;B389,B-B,True,True
11959575863,6.875366,79.900881,3,2,B291;B389,B-B,True,True
11959629975,6.875441,79.900886,3,1,B291,B-Other,False,True
11959575853,6.876278,79.900645,4,1,B120,B-Other,False,True
618771321,6.876314,79.900711,3,1,B120,B-Other,False,True
13083883262,7.118533,80.059661,4,1,B179,B-Other,False,True
12856077384,5.951631,80.546074,4,1,B275,B-Other,False,True
1834981477,7.068186,80.685793,3,1,B412,B-Other,False,True
6658588595,6.873054,81.049134,3,1,B113,B-Other,False,True
1242395226,6.039935,80.234167,3,1,B129,B-Other,False,True
13380401234,6.002697,80.671797,3,1,B595,B-Other,False,True
6260756445,7.209138,79.83282,2,2,B261;B407,B-B,True,False
2155584835,7.214303,79.847247,3,1,B322,B-Other,False,True
4004621090,7.293264,80.633433,3,1,B70,B-Other,False,True
6130189220,7.308051,80.637459,3,1,B550,B-Other,False,True
8865864663,7.308109,80.637326,3,1,B550,B-Other,False,True
8865864662,7.308162,80.637358,3,1,B550,B-Other,False,True
10259347345,6.876879,79.926834,4,1,B368,B-Other,False,True
7786924250,7.11847,80.059707,3,1,B179,B-Other,False,True
6260398862,7.168012,79.882958,3,1,B208,B-Other,False,True
245519497,6.716991,80.06153,3,1,B157,B-Other,False,True
13695751612,6.892435,79.877061,4,1,B307,B-Other,False,True
1242562069,6.039026,80.227847,3,1,B41,B-Other,False,True
13698912446,6.037774,80.249994,3,1,B594,B-Other,False,True
3256396052,6.021658,80.79635,3,1,B376,B-Other,False,True
6249854579,6.17008,80.896531,4,1,B548,B-Other,False,True
13714592717,6.169908,80.896389,2,2,B548;B622,B-B,True,False
6249854572,6.169842,80.89643,3,2,B548;B622,B-B,True,True
3721669277,6.352761,81.03942,3,1,B631,B-Other,False,True
3721669276,6.35273,81.039348,3,1,B631,B-Other,False,True
1432834932,6.662153,80.887868,2,2,B38;B528,B-B,True,False
