node_id,latitude,longitude,street_count,n_aa_roads,aa_roads,junction_type,is_aa_aa_junction,is_aa_any_junction
33389341,5.942888,80.568388,3,1,A2,AA-Other,False,True
250131773,5.945222,80.565417,3,1,A2,AA-Other,False,True
33389417,5.928262,80.587898,3,1,A2,AA-Other,False,True
13709350352,5.928169,80.589219,3,1,A2,AA-Other,False,True
33389466,5.984559,80.724883,3,1,A2,AA-Other,False,True
1750306782,5.999459,80.740972,3,1,A2,AA-Other,False,True
250131591,5.964551,80.694546,3,1,A2,AA-Other,False,True
35436490,7.265772,80.592541,3,1,A1,AA-Other,False,True
258029156,7.264124,80.592942,3,2,A1;A5,AA-AA,True,True
7094700078,7.265819,80.592385,3,1,A1,AA-Other,False,True
44265232,6.728308,81.102857,4,1,A2,AA-Other,False,True
610955288,6.434991,81.130872,3,1,A2,AA-Other,False,True
44265234,6.732073,81.101954,3,2,A2;A4,AA-AA,True,True
1135398600,6.732854,81.106916,3,1,A4,AA-Other,False,True
603240642,6.731658,81.099805,4,1,A4,AA-Other,False,True
44534497,6.032754,80.217485,3,1,A2,AA-Other,False,True
138713209,6.032452,80.217359,3,1,A2,AA-Other,False,True
44534546,6.032962,80.217665,3,1,A2,AA-Other,False,True
47822231,6.037348,80.228239,3,1,A2,AA-Other,False,True
8703211017,6.034104,80.235252,3,1,A2,AA-Other,False,True
47824936,6.03757,80.227257,3,1,A2,AA-Other,False,True
49368243,6.906296,80.914051,3,1,A5,AA-Other,False,True
1147075948,6.93709,80.990966,3,1,A5,AA-Other,False,True
2078611991,6.905778,80.909744,3,1,A5,AA-Other,False,True
49371992,6.976945,80.762255,3,1,A5,AA-Other,False,True
77682693,6.973199,80.765422,3,1,A5,AA-Other,False,True
3584750699,6.979142,80.758368,3,1,A5,AA-Other,False,True
49378902,7.134396,80.597819,3,1,A5,AA-Other,False,True
3217407684,7.132264,80.588592,3,1,A5,AA-Other,False,True
1834922625,7.0968,80.645875,3,1,A5,AA-Other,False,True
50366409,7.146537,80.097002,3,1,A1,AA-Other,False,True
617823296,7.168521,80.12413,4,1,A1,AA-Other,False,True
324965926,7.143901,80.095598,4,1,A1,AA-Other,False,True
324965995,7.143891,80.095669,4,1,A1,AA-Other,False,True
50415021,6.72506,79.906574,3,1,A2,AA-Other,False,True
665685894,6.726415,79.905424,3,1,A2,AA-Other,False,True
50415165,6.629178,79.943101,3,1,A2,AA-Other,False,True
12109482770,6.663844,79.930592,3,1,A2,AA-Other,False,True
1138325237,6.609891,79.951682,3,1,A2,AA-Other,False,True
50415206,6.561112,79.968943,3,1,A2,AA-Other,False,True
9634869050,6.561284,79.968901,3,1,A2,AA-Other,False,True
50422936,6.797428,79.888573,4,1,A2,AA-Other,False,True
2361900649,6.794989,79.887871,3,1,A2,AA-Other,False,True
59947552,6.032158,80.239635,3,2,A17;A2,AA-AA,True,True
6492867596,6.037767,80.249368,3,1,A17,AA-Other,False,True
309913698,6.030876,80.240754,3,1,A2,AA-Other,False,True
60797056,6.86242,79.863849,4,1,A2,AA-Other,False,True
60797372,6.861148,79.864128,3,1,A2,AA-Other,False,True
60797439,6.847521,79.866065,4,1,A2,AA-Other,False,True
10603977997,6.830512,79.867838,4,1,A2,AA-Other,False,True
60797607,6.608353,79.952617,3,1,A2,AA-Other,False,True
60797926,6.071555,80.163101,3,1,A2,AA-Other,False,True
3090460074,6.111107,80.124813,3,1,A2,AA-Other,False,True
1781355217,6.063348,80.1755,3,1,A2,AA-Other,False,True
60798009,6.812814,79.880774,3,1,A2,AA-Other,False,True
7085495071,6.819486,79.873616,3,1,A2,AA-Other,False,True
61802472,6.943806,79.878178,4,1,A1,AA-Other,False,True
1431441533,6.949523,79.878457,3,1,A1,AA-Other,False,True
61802550,6.950346,79.878467,6,1,A1,AA-Other,False,True
253022456,6.950641,79.878606,3,1,A1,AA-Other,False,True
77368738,6.032655,80.216831,3,1,A2,AA-Other,False,True
3379676395,6.032557,80.217201,3,1,A2,AA-Other,False,True
77379011,6.032906,80.796545,3,1,A2,AA-Other,False,True
1340667695,6.097108,80.875941,3,1,A2,AA-Other,False,True
3960868163,6.032746,80.79646,3,1,A2,AA-Other,False,True
77379074,6.02867,80.794891,3,1,A2,AA-Other,False,True
3960797189,6.028537,80.794853,3,1,A2,AA-Other,False,True
2035811429,6.971921,80.766708,3,1,A5,AA-Other,False,True
77684317,6.959873,80.770946,3,1,A5,AA-Other,False,True
3390636008,6.959213,80.771989,3,1,A5,AA-Other,False,True
3390634865,6.960735,80.769262,3,2,A5;A7,AA-AA,True,True
91030247,6.931298,79.84231,3,1,A2,AA-Other,False,True
7153699537,6.929543,79.842754,4,1,A2,AA-Other,False,True
98554099,6.035714,80.389067,3,1,A17,AA-Other,False,True
98554144,6.042467,80.410069,3,1,A17,AA-Other,False,True
2434214580,6.037616,80.304472,3,1,A17,AA-Other,False,True
98554769,6.090296,80.476194,3,2,A17;A24,AA-AA,True,True
2164965693,6.091127,80.476524,3,1,A17,AA-Other,False,True
1231840453,6.02431,80.495657,3,1,A24,AA-Other,False,True
102737773,6.021975,80.796185,3,1,A2,AA-Other,False,True
102737884,6.022295,80.795859,3,1,A2,AA-Other,False,True
3256396052,6.021658,80.79635,3,1,A2,AA-Other,False,True
102737846,6.022712,80.795597,3,1,A2,AA-Other,False,True
1841475983,6.028264,80.794777,3,1,A2,AA-Other,False,True
127659606,6.958552,80.221885,3,1,A7,AA-Other,False,True
191856851,6.964714,80.263796,3,1,A7,AA-Other,False,True
3095525776,6.952377,80.213381,3,1,A7,AA-Other,False,True
129605583,6.720228,80.055796,3,1,A8,AA-Other,False,True
1212770520,6.726098,80.033969,3,1,A8,AA-Other,False,True
256663997,6.718127,80.058681,3,1,A8,AA-Other,False,True
129607626,6.854796,80.089391,3,1,A4,AA-Other,False,True
1723172770,6.858475,80.091102,3,1,A4,AA-Other,False,True
1697583102,6.854361,80.08905,3,1,A4,AA-Other,False,True
129610044,6.903139,80.087447,3,1,A4,AA-Other,False,True
1150403364,6.911323,80.09367,3,1,A4,AA-Other,False,True
1697437102,6.859088,80.091374,3,1,A4,AA-Other,False,True
129615686,6.841196,80.003114,4,1,A4,AA-Other,False,True
2068162856,6.837921,79.98511,3,1,A4,AA-Other,False,True
129615826,6.844796,79.930892,3,1,A4,AA-Other,False,True
635164975,6.846425,79.94838,4,1,A4,AA-Other,False,True
642867474,6.844962,79.930285,3,1,A4,AA-Other,False,True
129615869,6.851894,79.919736,3,1,A4,AA-Other,False,True
619918508,6.849,79.92448,3,1,A4,AA-Other,False,True
619956323,6.857754,79.908513,3,1,A4,AA-Other,False,True
129615924,6.862979,79.901438,4,1,A4,AA-Other,False,True
9959089698,6.865023,79.896774,3,1,A4,AA-Other,False,True
2071116345,6.85787,79.908414,3,1,A4,AA-Other,False,True
129615942,6.86512,79.896572,4,1,A4,AA-Other,False,True
651260245,6.865236,79.896292,3,1,A4,AA-Other,False,True
130019052,6.92097,79.846569,3,1,A2,AA-Other,False,True
4515020714,6.91877,79.847264,3,1,A2,AA-Other,False,True
130445177,6.240919,80.053581,3,1,A2,AA-Other,False,True
130445589,6.229533,80.054273,3,1,A2,AA-Other,False,True
248048875,6.183389,80.072123,3,1,A2,AA-Other,False,True
130462216,5.946267,80.530242,3,1,A2,AA-Other,False,True
1675705732,5.962758,80.456278,3,1,A2,AA-Other,False,True
138713219,6.032408,80.217174,3,1,A2,AA-Other,False,True
5234940056,6.032512,80.2168,3,1,A2,AA-Other,False,True
191792898,6.893812,79.855404,3,1,A2,AA-Other,False,True
666903979,6.895429,79.854876,3,1,A2,AA-Other,False,True
191794735,6.921106,79.846401,3,1,A2,AA-Other,False,True
7081602427,6.923633,79.845489,3,1,A2,AA-Other,False,True
6524681178,6.911464,79.856309,3,1,A4,AA-Other,False,True
8169922827,6.971153,80.265256,3,1,A7,AA-Other,False,True
198601066,7.02397,80.261265,3,1,A21,AA-Other,False,True
3217150026,7.023713,80.261472,3,1,A21,AA-Other,False,True
5153458214,7.045755,80.253827,3,1,A21,AA-Other,False,True
198851718,6.14049,80.09974,3,1,A2,AA-Other,False,True
3090460083,6.111305,80.124407,3,1,A2,AA-Other,False,True
206596162,7.047746,79.897047,3,1,A3,AA-Other,False,True
1475773455,7.051814,79.8966,3,1,A3,AA-Other,False,True
206597309,7.131169,79.876188,3,1,A3,AA-Other,False,True
3268563914,7.156319,79.871281,3,1,A3,AA-Other,False,True
245519497,6.716991,80.06153,3,1,A8,AA-Other,False,True
1446610199,6.716933,80.061755,3,1,A8,AA-Other,False,True
245519498,6.716824,80.062962,3,1,A8,AA-Other,False,True
253718899,6.717448,80.066074,3,1,A8,AA-Other,False,True
247139123,6.958809,80.522017,3,1,A7,AA-Other,False,True
247139339,6.931211,80.551429,3,1,A7,AA-Other,False,True
1190507161,6.963023,80.518039,3,1,A7,AA-Other,False,True
5252242488,6.898034,80.592531,3,1,A7,AA-Other,False,True
247140202,6.947529,80.630008,3,1,A7,AA-Other,False,True
4108748760,6.925229,80.608955,3,1,A7,AA-Other,False,True
4507913122,6.939583,80.660292,3,1,A7,AA-Other,False,True
247140495,6.930383,80.717922,3,1,A7,AA-Other,False,True
247140995,6.937477,80.738372,3,1,A7,AA-Other,False,True
3517327762,6.927115,80.686959,3,1,A7,AA-Other,False,True
247141016,6.940939,80.74424,3,1,A7,AA-Other,False,True
3390658487,6.949311,80.773767,3,1,A7,AA-Other,False,True
248608270,6.9116,79.86715,3,1,A0,AA-Other,False,True
4798976659,6.911314,79.876272,3,1,A0,AA-Other,False,True
269202456,6.91164,79.864666,3,1,A0,AA-Other,False,True
3279650333,5.964547,80.691781,3,1,A2,AA-Other,False,True
2155946168,5.946855,80.556644,3,1,A2,AA-Other,False,True
250731003,6.909465,79.896874,3,1,A0,AA-Other,False,True
13399644563,6.90866,79.898432,3,1,A0,AA-Other,False,True
253022446,6.943845,79.878294,4,1,A1,AA-Other,False,True
4422642586,6.943432,79.878319,3,1,A1,AA-Other,False,True
324997824,6.955601,79.882897,3,1,A1,AA-Other,False,True
253022458,6.950953,79.87903,3,1,A1,AA-Other,False,True
1431441535,6.949989,79.878606,3,1,A1,AA-Other,False,True
253022461,6.955558,79.883004,3,1,A1,AA-Other,False,True
1796922853,6.743897,80.176348,3,1,A8,AA-Other,False,True
5693657962,7.293033,80.637749,3,2,A1;A9,AA-AA,True,True
257926316,7.286977,80.647817,3,1,A26,AA-Other,False,True
2078322240,7.294086,80.649867,3,1,A26,AA-Other,False,True
258025225,8.032095,80.772584,3,1,A11,AA-Other,False,True
3213759120,8.063832,80.8984,3,1,A11,AA-Other,False,True
258025517,7.857886,80.652269,3,1,A9,AA-Other,False,True
1651774036,7.86042,80.6522,3,1,A9,AA-Other,False,True
258049598,7.707253,80.653586,3,1,A9,AA-Other,False,True
258029159,7.260362,80.592677,3,1,A5,AA-Other,False,True
258029175,7.264192,80.59396,3,1,A1,AA-Other,False,True
2078331482,7.257836,80.590662,3,1,A5,AA-Other,False,True
3033937981,7.266131,80.596094,3,1,A1,AA-Other,False,True
258030081,6.873733,79.881906,3,1,A4,AA-Other,False,True
12741337236,6.878168,79.876635,3,1,A4,AA-Other,False,True
4582456531,6.870435,79.887024,4,1,A4,AA-Other,False,True
258049267,7.410153,80.609492,3,1,A9,AA-Other,False,True
3616502607,7.35703,80.617506,3,1,A9,AA-Other,False,True
1727358941,7.423959,80.610607,3,1,A9,AA-Other,False,True
258049379,7.465742,80.623776,3,1,A9,AA-Other,False,True
3662474367,7.465916,80.623432,4,1,A9,AA-Other,False,True
3620006922,7.449395,80.631013,3,1,A9,AA-Other,False,True
2083007820,7.466215,80.623293,3,1,A9,AA-Other,False,True
1980552001,7.480923,80.623403,3,1,A9,AA-Other,False,True
258049453,7.530715,80.625866,3,1,A9,AA-Other,False,True
3710121977,7.694751,80.652109,3,1,A9,AA-Other,False,True
258053453,6.908812,79.895278,3,1,A0,AA-Other,False,True
6230885416,6.909331,79.896049,4,1,A0,AA-Other,False,True
258523345,7.94556,80.999961,3,1,A11,AA-Other,False,True
2285202897,8.039304,80.905625,3,1,A11,AA-Other,False,True
6495594239,7.939704,81.000349,3,1,A11,AA-Other,False,True
263155217,7.214638,80.598026,3,1,A5,AA-Other,False,True
3591084262,7.166994,80.572465,3,1,A5,AA-Other,False,True
263179584,7.241126,80.593358,3,1,A5,AA-Other,False,True
1855322535,7.255015,80.58959,3,1,A5,AA-Other,False,True
268931354,6.885118,79.86683,3,1,A4,AA-Other,False,True
3742220438,6.890331,79.863723,3,1,A4,AA-Other,False,True
4011682730,6.882212,79.869528,3,1,A4,AA-Other,False,True
3355393361,6.911596,79.86463,3,1,A0,AA-Other,False,True
275517851,6.905166,79.905698,3,1,A0,AA-Other,False,True
663702778,6.903944,79.906832,3,1,A0,AA-Other,False,True
292783948,7.200907,79.853314,3,1,A3,AA-Other,False,True
403881177,7.205506,79.851177,4,1,A3,AA-Other,False,True
309033793,6.946793,80.214986,3,1,A4,AA-Other,False,True
3510278658,6.952221,80.212581,3,1,A4,AA-Other,False,True
3090078667,6.853357,80.26161,3,1,A4,AA-Other,False,True
3081634094,6.029926,80.241612,3,1,A2,AA-Other,False,True
310860950,6.685328,80.396078,3,2,A4;A8,AA-AA,True,True
3937837818,6.705202,80.38509,3,1,A4,AA-Other,False,True
5303300108,6.684363,80.396713,3,1,A4,AA-Other,False,True
1797858594,6.731728,80.27735,3,1,A8,AA-Other,False,True
310863031,6.583227,80.573172,3,1,A18,AA-Other,False,True
2152800310,6.583367,80.573141,3,1,A18,AA-Other,False,True
311128308,6.429705,79.999598,3,1,A2,AA-Other,False,True
1094458277,6.418923,80.002517,3,1,A2,AA-Other,False,True
1138480331,6.429825,79.999635,3,1,A2,AA-Other,False,True
313407297,7.253072,79.853639,3,1,A3,AA-Other,False,True
1478609150,7.253661,79.854847,3,1,A3,AA-Other,False,True
7786924226,7.126059,80.070689,4,1,A1,AA-Other,False,True
324969585,7.109221,80.048747,3,1,A1,AA-Other,False,True
7621971271,7.115771,80.055698,3,1,A1,AA-Other,False,True
324988637,6.978225,79.927387,4,1,A1,AA-Other,False,True
3864419806,6.978178,79.927346,3,1,A1,AA-Other,False,True
324988797,6.977972,79.927138,3,1,A1,AA-Other,False,True
733573148,6.975626,79.924702,3,1,A1,AA-Other,False,True
324994643,6.975689,79.924641,4,1,A1,AA-Other,False,True
3864419811,6.978281,79.927321,3,1,A1,AA-Other,False,True
324997495,6.966849,79.899849,4,1,A1,AA-Other,False,True
621175136,6.957377,79.889726,3,1,A1,AA-Other,False,True
324997506,6.95574,79.887733,3,1,A1,AA-Other,False,True
3431855628,6.955732,79.884039,3,1,A1,AA-Other,False,True
324998173,6.956038,79.882944,3,1,A1,AA-Other,False,True
2499137348,6.956498,79.882738,3,1,A1,AA-Other,False,True
325000016,6.957427,79.88965,4,1,A1,AA-Other,False,True
4476504845,6.9669,79.899754,3,1,A1,AA-Other,False,True
325003402,6.9606,79.881112,3,1,A3,AA-Other,False,True
1924772358,6.96006,79.88107,4,1,A3,AA-Other,False,True
325009601,6.956998,79.882522,3,1,A3,AA-Other,False,True
3431855608,6.956689,79.882853,4,1,A3,AA-Other,False,True
325011481,6.963759,79.881712,4,1,A3,AA-Other,False,True
3664895156,6.96076,79.881128,3,1,A3,AA-Other,False,True
403875118,6.908245,79.898965,4,1,A0,AA-Other,False,True
2064203704,7.214265,79.847174,4,1,A3,AA-Other,False,True
403899731,7.02177,79.899553,3,1,A3,AA-Other,False,True
403899740,6.990665,79.893185,4,1,A3,AA-Other,False,True
8112505448,7.015404,79.898343,3,1,A3,AA-Other,False,True
403899785,6.98125,79.888054,4,1,A3,AA-Other,False,True
3577871618,6.985667,79.889075,3,1,A3,AA-Other,False,True
445260233,7.059953,80.25984,3,1,A21,AA-Other,False,True
2087261005,7.072763,80.269014,3,1,A21,AA-Other,False,True
5153458215,7.04596,80.25379,3,1,A21,AA-Other,False,True
445969634,7.252045,80.435213,3,1,A1,AA-Other,False,True
3591964802,7.252078,80.435347,3,1,A1,AA-Other,False,True
570766494,7.25252,80.377078,3,1,A1,AA-Other,False,True
445970143,7.250499,80.362919,3,1,A1,AA-Other,False,True
4929241610,7.25078,80.367834,3,1,A1,AA-Other,False,True
3794028977,7.254567,80.352836,3,1,A1,AA-Other,False,True
566569982,8.321221,80.382335,3,1,A12,AA-Other,False,True
1181921887,8.32122,80.382,3,1,A12,AA-Other,False,True
5364431661,8.320194,80.392883,3,1,A12,AA-Other,False,True
566574620,8.341625,80.411734,3,1,A12,AA-Other,False,True
1981468985,8.335291,80.411006,3,1,A12,AA-Other,False,True
5785122163,8.342314,80.411876,3,1,A12,AA-Other,False,True
567011739,8.130774,80.56153,3,1,A9,AA-Other,False,True
8014319683,8.127337,80.562747,4,2,A11;A9,AA-AA,True,True
570765602,7.322519,80.622878,3,1,A10,AA-Other,False,True
3088508767,7.321903,80.624392,3,1,A10,AA-Other,False,True
3088508746,7.321851,80.624419,4,1,A10,AA-Other,False,True
570765771,7.327799,80.577971,3,1,A10,AA-Other,False,True
2131510192,7.331298,80.571024,3,1,A10,AA-Other,False,True
4929241606,7.250824,80.368325,3,1,A1,AA-Other,False,True
599347546,6.809813,79.882947,4,1,A2,AA-Other,False,True
7085525496,6.812723,79.880845,3,1,A2,AA-Other,False,True
602759879,8.336848,80.406344,3,1,A12,AA-Other,False,True
1146218640,8.33512,80.410581,3,1,A12,AA-Other,False,True
4137359440,8.332315,80.403262,3,1,A12,AA-Other,False,True
603240427,6.763807,80.913127,3,1,A4,AA-Other,False,True
1712466837,6.767411,80.847306,3,1,A4,AA-Other,False,True
603247200,5.973746,80.429341,3,1,A2,AA-Other,False,True
1397128195,5.973715,80.429562,3,1,A2,AA-Other,False,True
1397090864,5.973684,80.428191,3,1,A2,AA-Other,False,True
610951677,6.16363,81.162676,3,1,A2,AA-Other,False,True
5144316608,6.154959,81.148846,3,1,A2,AA-Other,False,True
1720902666,6.202636,81.196581,3,1,A2,AA-Other,False,True
10132667231,6.434831,81.130877,3,1,A2,AA-Other,False,True
610970078,6.255407,81.227095,3,1,A2,AA-Other,False,True
13055938742,6.25561,81.227078,3,1,A2,AA-Other,False,True
617806916,7.486847,80.36613,3,1,A10,AA-Other,False,True
5245953970,7.486781,80.366589,3,1,A10,AA-Other,False,True
9513937134,7.487053,80.365242,5,1,A10,AA-Other,False,True
3167641878,7.195687,80.153182,3,1,A1,AA-Other,False,True
617967898,7.229818,80.201567,3,1,A1,AA-Other,False,True
1427371978,7.226387,80.199136,3,1,A1,AA-Other,False,True
617967952,7.241352,80.211272,3,1,A1,AA-Other,False,True
7087535778,7.241308,80.211446,3,1,A1,AA-Other,False,True
617968149,7.250859,80.332131,3,2,A1;A19,AA-AA,True,True
13811688265,7.23533,80.310239,3,1,A1,AA-Other,False,True
4929242043,7.251396,80.334998,3,1,A1,AA-Other,False,True
3851353586,7.282882,80.324716,3,1,A19,AA-Other,False,True
618027759,6.912061,79.850941,3,1,A0,AA-Other,False,True
1963939812,6.912229,79.851458,4,1,A0,AA-Other,False,True
618273393,6.879391,79.859822,4,1,A2,AA-Other,False,True
9565952986,6.878286,79.860185,3,1,A2,AA-Other,False,True
618514963,6.910428,79.887889,3,1,A0,AA-Other,False,True
10219043311,6.910736,79.887521,3,1,A0,AA-Other,False,True
618514969,6.908558,79.895302,4,1,A0,AA-Other,False,True
4692166486,6.908283,79.894681,3,1,A0,AA-Other,False,True
618528183,6.909148,79.896233,5,1,A0,AA-Other,False,True
2122125311,6.908625,79.89541,4,1,A0,AA-Other,False,True
618604210,8.030379,79.828958,3,1,A10,AA-Other,False,True
1400433848,8.030225,79.830792,3,1,A10,AA-Other,False,True
619152165,6.903888,79.906778,4,1,A0,AA-Other,False,True
1429213457,6.905082,79.90564,4,1,A0,AA-Other,False,True
619152185,6.905983,79.904514,3,1,A0,AA-Other,False,True
1912464464,6.908093,79.899033,3,1,A0,AA-Other,False,True
619195381,6.881769,79.869884,3,1,A4,AA-Other,False,True
4011680781,6.881386,79.870062,3,1,A4,AA-Other,False,True
619195388,6.881768,79.869607,3,1,A4,AA-Other,False,True
619224223,6.940053,79.878341,3,1,A1,AA-Other,False,True
1863416593,6.940053,79.878213,4,1,A1,AA-Other,False,True
619224226,6.940168,79.878216,4,1,A1,AA-Other,False,True
1863416599,6.940167,79.878338,3,1,A1,AA-Other,False,True
12373680251,6.943379,79.878212,3,1,A1,AA-Other,False,True
619227137,6.93451,79.865816,3,1,A1,AA-Other,False,True
6407621053,6.934542,79.866125,4,1,A1,AA-Other,False,True
619883043,6.851684,80.032727,4,1,A4,AA-Other,False,True
619905141,7.066645,80.012222,3,1,A1,AA-Other,False,True
4790000816,7.06669,80.012246,3,1,A1,AA-Other,False,True
5565782276,6.847854,79.92572,3,1,A4,AA-Other,False,True
620529017,7.091863,79.888446,4,1,A3,AA-Other,False,True
4152530090,6.956005,79.888214,3,1,A1,AA-Other,False,True
635117662,6.911239,79.87744,4,1,A0,AA-Other,False,True
635164747,6.862331,79.863774,3,1,A2,AA-Other,False,True
7085690885,6.870752,79.862025,3,1,A2,AA-Other,False,True
910154883,6.8464,79.948503,4,1,A4,AA-Other,False,True
635166169,6.908445,79.893093,3,1,A0,AA-Other,False,True
4692166467,6.90851,79.894605,3,1,A0,AA-Other,False,True
635855735,6.869787,79.888192,4,1,A4,AA-Other,False,True
3354661040,6.869953,79.887793,3,1,A4,AA-Other,False,True
635855755,6.869922,79.888322,4,1,A4,AA-Other,False,True
635857021,6.869824,79.888584,3,1,A4,AA-Other,False,True
635857018,6.869667,79.888532,3,1,A4,AA-Other,False,True
635857020,6.870101,79.887853,3,1,A4,AA-Other,False,True
4582456543,6.869178,79.890003,4,1,A4,AA-Other,False,True
637009411,7.091884,79.993957,3,1,A33,AA-Other,False,True
4068148608,7.09217,79.993046,3,1,A33,AA-Other,False,True
5315988825,7.091609,79.994694,3,1,A33,AA-Other,False,True
637763018,7.101328,79.910678,3,1,A33,AA-Other,False,True
638969238,7.101272,79.910364,3,1,A33,AA-Other,False,True
667529248,7.091707,79.968874,3,1,A33,AA-Other,False,True
6006772899,6.845224,79.9298,3,1,A4,AA-Other,False,True
651637344,7.084894,79.893417,3,1,A33,AA-Other,False,True
1278169498,7.084803,79.893217,4,1,A33,AA-Other,False,True
7291030424,7.088295,79.89897,3,1,A33,AA-Other,False,True
651637359,7.084746,79.893093,3,1,A33,AA-Other,False,True
1278086605,7.081248,79.891203,3,1,A33,AA-Other,False,True
651747031,6.771567,79.885428,3,1,A2,AA-Other,False,True
3448778695,6.77937,79.883128,3,1,A2,AA-Other,False,True
2339320507,6.727044,79.905358,3,1,A2,AA-Other,False,True
652378597,6.714115,79.907514,3,1,A2,AA-Other,False,True
2339365431,6.720854,79.907377,3,1,A2,AA-Other,False,True
652384089,6.788103,79.885169,4,1,A2,AA-Other,False,True
1425700952,6.787945,79.885116,4,1,A2,AA-Other,False,True
652533088,6.911002,79.8816,4,1,A0,AA-Other,False,True
3150421800,6.911237,79.877535,4,1,A0,AA-Other,False,True
658424660,7.034867,79.990667,4,1,A1,AA-Other,False,True
2028303947,7.02709,79.98083,3,1,A1,AA-Other,False,True
662848124,6.909376,79.896134,4,1,A0,AA-Other,False,True
3574703794,6.909482,79.896765,3,1,A0,AA-Other,False,True
4817216282,6.903517,79.909655,3,1,A0,AA-Other,False,True
665214512,6.911433,79.849602,3,2,A0;A2,AA-AA,True,True
665214513,6.91178,79.850089,4,2,A0;A2,AA-AA,True,True
4515020730,6.914118,79.848739,3,1,A2,AA-Other,False,True
665240022,6.927458,79.849649,4,1,A4,AA-Other,False,True
255040405,6.931985,79.846809,3,1,A4,AA-Other,False,True
2339326612,6.726637,79.905283,3,1,A2,AA-Other,False,True
665685929,6.779757,79.883117,5,1,A2,AA-Other,False,True
1418994146,6.779806,79.88305,3,1,A2,AA-Other,False,True
6266463975,6.779609,79.883205,3,1,A2,AA-Other,False,True
665686664,6.944901,79.878404,3,1,A1,AA-Other,False,True
2925773146,6.91081,79.849845,3,1,A2,AA-Other,False,True
667426156,7.12612,80.070626,3,1,A1,AA-Other,False,True
667536145,7.092109,79.970919,3,1,A33,AA-Other,False,True
3289420458,7.09278,79.989979,3,1,A33,AA-Other,False,True
678334663,6.897381,79.859768,3,1,A4,AA-Other,False,True
678334730,6.897593,79.859867,3,1,A4,AA-Other,False,True
678334679,6.897152,79.859956,3,1,A4,AA-Other,False,True
678335411,6.896744,79.859923,3,1,A4,AA-Other,False,True
678334696,6.897076,79.85977,4,1,A4,AA-Other,False,True
678334722,6.897461,79.860061,4,1,A4,AA-Other,False,True
678334735,6.897663,79.859903,3,1,A4,AA-Other,False,True
3742192393,6.892317,79.862299,3,1,A4,AA-Other,False,True
13425538963,6.896899,79.859847,3,1,A4,AA-Other,False,True
6535741179,6.968467,79.910777,3,1,A1,AA-Other,False,True
843513352,7.091148,79.996304,3,1,A33,AA-Other,False,True
5315988823,7.091521,79.994835,3,1,A33,AA-Other,False,True
843513354,7.091076,79.998107,3,1,A33,AA-Other,False,True
3891382236,7.091094,79.997469,3,1,A33,AA-Other,False,True
13682136255,6.841672,79.964346,3,1,A4,AA-Other,False,True
912268077,6.665621,80.431593,3,1,A4,AA-Other,False,True
4851065489,6.623671,80.542844,3,1,A4,AA-Other,False,True
1694691223,6.682145,80.409801,3,1,A4,AA-Other,False,True
937249756,7.281662,80.666144,3,1,A26,AA-Other,False,True
2382076784,7.281311,80.666321,3,1,A26,AA-Other,False,True
4177584096,7.281451,80.66643,3,1,A26,AA-Other,False,True
2382152045,7.2943,80.650003,3,1,A26,AA-Other,False,True
937250000,7.28157,80.670853,3,1,A26,AA-Other,False,True
2382076798,7.281408,80.666698,3,1,A26,AA-Other,False,True
2334261008,7.299184,80.73469,3,1,A26,AA-Other,False,True
970058024,5.945333,80.548819,3,1,A2,AA-Other,False,True
12328410054,5.944945,80.548892,4,1,A2,AA-Other,False,True
974346527,6.9066,81.558921,3,1,A4,AA-Other,False,True
2418603889,6.873071,81.350552,3,1,A4,AA-Other,False,True
6695208837,6.906732,81.559254,3,1,A4,AA-Other,False,True
1028522566,8.305399,80.448846,3,1,A13,AA-Other,False,True
1028522781,8.307717,80.47305,3,1,A13,AA-Other,False,True
1028522572,8.309835,80.42309,3,1,A13,AA-Other,False,True
1401472757,8.324067,80.414093,3,1,A13,AA-Other,False,True
3518418196,8.274289,80.49989,3,1,A13,AA-Other,False,True
1039403582,6.903355,79.910283,3,1,A0,AA-Other,False,True
3502106859,6.903301,79.907376,3,1,A0,AA-Other,False,True
1039412973,6.903319,79.910703,4,1,A0,AA-Other,False,True
1668906602,6.903328,79.910624,4,1,A0,AA-Other,False,True
1039421894,6.903384,79.910634,4,1,A0,AA-Other,False,True
1637717826,6.338512,80.02898,3,1,A2,AA-Other,False,True
1720491739,6.760291,81.247046,4,1,A4,AA-Other,False,True
1138324553,6.585421,79.960575,3,1,A2,AA-Other,False,True
1138325594,6.578664,79.962626,3,1,A2,AA-Other,False,True
1667080259,6.594047,79.959085,3,1,A2,AA-Other,False,True
7103760769,6.608372,79.952666,4,1,A2,AA-Other,False,True
10130181940,6.571483,79.965174,3,1,A2,AA-Other,False,True
1614298412,6.43034,79.999534,3,1,A2,AA-Other,False,True
2835617079,8.335098,80.410863,4,1,A12,AA-Other,False,True
1147030351,7.672213,81.733975,3,1,A4,AA-Other,False,True
1883639101,7.661943,81.740424,3,1,A4,AA-Other,False,True
2011981296,6.955391,81.031488,3,1,A5,AA-Other,False,True
1862815989,6.918239,80.098665,3,1,A4,AA-Other,False,True
1181395615,5.974402,80.435461,3,1,A2,AA-Other,False,True
3279700855,5.974232,80.438144,3,1,A2,AA-Other,False,True
3215382447,6.989024,80.494261,3,1,A7,AA-Other,False,True
11765244590,6.726109,80.033887,3,1,A8,AA-Other,False,True
3621305202,5.997291,80.519229,3,1,A24,AA-Other,False,True
1231840774,5.958534,80.529994,3,1,A24,AA-Other,False,True
12625589426,5.970849,80.520457,3,1,A24,AA-Other,False,True
1231840826,5.954818,80.533444,3,1,A24,AA-Other,False,True
1235750064,6.910483,79.888007,3,1,A0,AA-Other,False,True
1235750071,6.910872,79.887489,3,1,A0,AA-Other,False,True
1428448780,6.910735,79.887772,6,1,A0,AA-Other,False,True
1239435066,7.619476,80.246502,3,1,A10,AA-Other,False,True
2902101196,7.619627,80.246228,3,1,A10,AA-Other,False,True
3064572227,7.489997,80.359635,3,1,A10,AA-Other,False,True
1239435069,7.619892,80.24593,4,1,A10,AA-Other,False,True
2186928769,7.620061,80.245849,3,1,A10,AA-Other,False,True
1239489670,7.335148,80.300249,3,1,A19,AA-Other,False,True
3174892783,7.335389,80.300183,4,1,A19,AA-Other,False,True
1239489675,7.334825,80.300324,3,1,A19,AA-Other,False,True
5319762817,7.334169,80.300157,3,1,A19,AA-Other,False,True
1239489695,7.335151,80.300395,3,1,A19,AA-Other,False,True
1239489717,7.335436,80.300262,4,1,A19,AA-Other,False,True
1241527366,7.920714,81.042118,3,1,A11,AA-Other,False,True
9322671515,7.920974,81.041846,3,1,A11,AA-Other,False,True
2304485540,7.905758,81.125805,3,1,A11,AA-Other,False,True
1249855906,6.809861,79.883026,4,1,A2,AA-Other,False,True
1268335758,7.2055,79.851271,4,1,A3,AA-Other,False,True
2155584783,7.20088,79.853413,4,1,A3,AA-Other,False,True
1269994723,7.192592,79.857141,3,1,A3,AA-Other,False,True
4087054265,7.198369,79.854536,3,1,A3,AA-Other,False,True
1274137040,6.911226,79.849672,3,1,A2,AA-Other,False,True
1278003886,6.79743,79.888472,3,1,A2,AA-Other,False,True
1278003887,6.788162,79.885018,3,1,A2,AA-Other,False,True
2361900638,6.795038,79.887774,3,1,A2,AA-Other,False,True
1278079600,6.911644,79.864386,3,1,A0,AA-Other,False,True
3164356590,6.911851,79.864441,3,1,A0,AA-Other,False,True
1280044911,6.911745,79.858662,3,1,A0,AA-Other,False,True
1278079633,6.911618,79.864403,3,1,A0,AA-Other,False,True
1278086414,7.081734,79.890889,4,1,A3,AA-Other,False,True
2507098828,7.081829,79.890908,4,1,A3,AA-Other,False,True
2155580115,7.080854,79.890786,3,2,A3;A33,AA-AA,True,True
6277534245,6.911678,79.858155,3,1,A0,AA-Other,False,True
1280869010,6.932483,79.846142,3,1,A4,AA-Other,False,True
665241266,6.93259,79.845966,4,1,A4,AA-Other,False,True
1280869013,6.932894,79.846176,4,1,A4,AA-Other,False,True
1282529649,5.988533,80.323848,3,1,A2,AA-Other,False,True
5352929666,5.988445,80.324,3,1,A2,AA-Other,False,True
1674485421,6.028388,80.243207,3,1,A2,AA-Other,False,True
1307348559,6.911089,79.881758,3,1,A0,AA-Other,False,True
2131864641,6.911075,79.882049,3,1,A0,AA-Other,False,True
1331893829,6.971267,80.76704,3,1,A5,AA-Other,False,True
3820002302,6.971699,80.766844,3,1,A5,AA-Other,False,True
3815809876,6.967776,80.767569,3,1,A5,AA-Other,False,True
2035811614,6.97174,80.766972,3,1,A5,AA-Other,False,True
1428650220,6.097527,80.884747,3,1,A2,AA-Other,False,True
1346379037,6.911666,79.858014,3,1,A0,AA-Other,False,True
6524681177,6.911894,79.856566,3,2,A0;A4,AA-AA,True,True
1364655117,5.962978,80.409663,3,1,A2,AA-Other,False,True
10575124012,5.965588,80.383516,3,1,A2,AA-Other,False,True
1397140981,5.963262,80.409749,3,1,A2,AA-Other,False,True
3935855296,5.968791,80.422123,3,1,A2,AA-Other,False,True
3935855297,5.968838,80.42193,3,1,A2,AA-Other,False,True
5169879074,8.030183,79.831097,3,1,A10,AA-Other,False,True
1401456461,8.326774,80.359768,3,1,A12,AA-Other,False,True
7185588314,8.327259,80.360514,3,1,A12,AA-Other,False,True
1401472808,8.324204,80.413878,3,1,A13,AA-Other,False,True
12118609956,8.326451,80.410708,3,1,A13,AA-Other,False,True
1401472937,8.326696,80.410245,3,1,A13,AA-Other,False,True
12118609958,8.326964,80.409969,3,1,A13,AA-Other,False,True
1401472941,8.326696,80.410515,3,1,A13,AA-Other,False,True
1401473045,8.328676,80.407405,3,1,A13,AA-Other,False,True
11743149450,8.328839,80.407292,3,1,A13,AA-Other,False,True
1401473049,8.328671,80.407688,3,1,A13,AA-Other,False,True
11572133444,8.328419,80.407902,3,1,A13,AA-Other,False,True
1401473103,8.331535,80.402769,3,1,A12,AA-Other,False,True
1401473132,8.331875,80.402882,3,1,A12,AA-Other,False,True
13567087001,8.321369,80.395134,3,1,A12,AA-Other,False,True
1425700953,6.788,79.884953,3,1,A2,AA-Other,False,True
1420351659,6.442182,79.992523,3,1,A2,AA-Other,False,True
2083533106,6.476741,79.982948,3,1,A2,AA-Other,False,True
3448778696,6.78036,79.883414,3,1,A2,AA-Other,False,True
1427371818,7.2051,80.174078,3,1,A1,AA-Other,False,True
1427371952,7.224032,80.194524,3,1,A1,AA-Other,False,True
3699494976,6.110028,80.931975,3,1,A2,AA-Other,False,True
1428665347,6.213844,80.944329,3,1,A18,AA-Other,False,True
1985676796,6.253384,80.913274,3,1,A18,AA-Other,False,True
1985676681,6.113641,80.991506,3,2,A18;A2,AA-AA,True,True
6947814997,6.905157,79.90555,3,1,A0,AA-Other,False,True
1429213459,6.908504,79.898645,3,1,A0,AA-Other,False,True
1446610177,6.714477,79.98904,4,1,A8,AA-Other,False,True
2339285633,6.712387,79.908363,3,1,A8,AA-Other,False,True
3849049823,7.081037,79.890751,3,1,A3,AA-Other,False,True
1475786189,6.972209,79.885857,3,1,A3,AA-Other,False,True
4693290695,7.266298,79.860404,3,1,A3,AA-Other,False,True
1506183874,6.032912,80.214919,4,1,A2,AA-Other,False,True
3377393479,6.032655,80.216678,3,1,A2,AA-Other,False,True
1571011417,7.092734,79.990235,3,1,A33,AA-Other,False,True
1599036622,5.966833,80.453116,3,1,A2,AA-Other,False,True
3279700971,5.973749,80.439039,3,1,A2,AA-Other,False,True
6542960916,5.963722,80.456251,3,1,A2,AA-Other,False,True
1617989288,6.278414,80.040258,3,1,A2,AA-Other,False,True
1636603514,6.037926,80.250808,3,1,A17,AA-Other,False,True
6492863077,6.037818,80.250401,3,1,A17,AA-Other,False,True
1650097492,5.944643,80.550332,3,1,A2,AA-Other,False,True
4885745120,5.944602,80.549931,4,1,A2,AA-Other,False,True
1692793167,7.867437,80.650707,3,1,A9,AA-Other,False,True
7103753926,6.608252,79.952671,3,1,A2,AA-Other,False,True
3081634069,6.029552,80.241845,3,1,A2,AA-Other,False,True
11542234727,5.96545,80.379443,3,1,A2,AA-Other,False,True
1674509938,5.966015,80.382544,3,1,A2,AA-Other,False,True
1676479570,6.87863,79.871646,3,1,A4,AA-Other,False,True
6277491043,6.87853,79.872032,3,1,A4,AA-Other,False,True
1683151514,6.875491,79.86094,4,1,A2,AA-Other,False,True
1683151517,6.875558,79.860917,3,1,A2,AA-Other,False,True
1683151516,6.875518,79.861028,4,1,A2,AA-Other,False,True
7085684184,6.870771,79.862101,3,1,A2,AA-Other,False,True
9565952987,6.878261,79.860119,3,1,A2,AA-Other,False,True
1684534495,7.291697,81.680485,3,1,A31,AA-Other,False,True
2082247572,7.291108,81.672545,3,1,A31,AA-Other,False,True
1684534515,7.292699,81.687049,4,1,A31,AA-Other,False,True
11715824040,7.292717,81.686955,4,1,A31,AA-Other,False,True
4911274821,7.871942,80.650991,3,1,A9,AA-Other,False,True
1694691156,6.682203,80.401018,3,1,A4,AA-Other,False,True
5300884107,6.680458,80.402248,3,1,A4,AA-Other,False,True
1694695673,6.680277,80.407319,3,1,A4,AA-Other,False,True
5299485480,6.679506,80.405227,3,1,A4,AA-Other,False,True
1708349295,6.648372,80.701215,3,1,A4,AA-Other,False,True
1828234049,6.6505,80.699166,3,1,A4,AA-Other,False,True
1708349377,6.647736,80.701263,3,1,A4,AA-Other,False,True
1708349356,6.653354,80.698245,3,1,A4,AA-Other,False,True
4891891444,6.653286,80.698218,3,1,A4,AA-Other,False,True
1708362766,6.653654,80.69835,3,1,A4,AA-Other,False,True
1708349359,6.653106,80.698135,3,1,A4,AA-Other,False,True
1828217445,6.652302,80.697902,3,1,A4,AA-Other,False,True
1708349370,6.647187,80.701398,3,1,A4,AA-Other,False,True
4891891342,6.647404,80.701284,3,1,A4,AA-Other,False,True
4851065488,6.623333,80.543383,3,1,A4,AA-Other,False,True
6228139618,6.647556,80.701338,3,1,A4,AA-Other,False,True
1708362825,6.656089,80.699264,3,1,A4,AA-Other,False,True
2077442148,6.668529,80.716475,3,1,A4,AA-Other,False,True
1709997728,6.719646,80.785679,3,1,A4,AA-Other,False,True
1709997745,6.719666,80.785883,3,1,A4,AA-Other,False,True
1712467077,6.76694,80.84677,3,1,A4,AA-Other,False,True
1809805397,6.854211,81.338475,3,1,A4,AA-Other,False,True
1723290054,6.410874,80.796384,3,1,A18,AA-Other,False,True
3145257097,6.410731,80.796574,3,1,A18,AA-Other,False,True
4045295806,6.48045,80.702287,3,1,A18,AA-Other,False,True
1723700615,6.715236,80.385173,3,1,A4,AA-Other,False,True
1750944667,6.705758,80.38514,3,1,A4,AA-Other,False,True
3937818079,6.7155,80.384866,3,1,A4,AA-Other,False,True
1725053695,7.09031,81.825266,3,1,A4,AA-Other,False,True
2231309667,7.216594,81.852179,3,1,A4,AA-Other,False,True
4067142493,6.878183,81.828979,3,1,A4,AA-Other,False,True
3813344287,7.4243,80.616627,3,1,A9,AA-Other,False,True
1731470200,8.025942,79.847014,3,1,A10,AA-Other,False,True
4140985755,8.025912,79.847188,3,1,A10,AA-Other,False,True
4140985756,8.029848,79.831418,3,1,A10,AA-Other,False,True
1737618827,6.623221,80.543197,3,1,A18,AA-Other,False,True
4851072866,6.623388,80.543115,3,1,A18,AA-Other,False,True
1745895523,5.928286,80.589433,3,1,A2,AA-Other,False,True
1813587322,5.962138,80.655974,3,1,A2,AA-Other,False,True
1750869639,6.534034,80.593143,3,2,A17;A18,AA-AA,True,True
1780055690,6.475484,80.609966,3,1,A17,AA-Other,False,True
2152800360,6.582981,80.573333,3,1,A18,AA-Other,False,True
3937837967,6.705506,80.384932,3,1,A4,AA-Other,False,True
1751020481,6.717905,80.383656,3,1,A4,AA-Other,False,True
3937818139,6.716033,80.384906,3,1,A4,AA-Other,False,True
2149942832,6.744869,80.379086,3,1,A4,AA-Other,False,True
1780055679,6.475205,80.609676,3,1,A17,AA-Other,False,True
2017404189,6.438615,80.635538,3,1,A17,AA-Other,False,True
7095171150,6.038272,80.205637,3,1,A2,AA-Other,False,True
1783942571,7.340242,80.994761,3,1,A26,AA-Other,False,True
4814119811,7.340237,80.994088,3,1,A26,AA-Other,False,True
1783974992,7.383205,81.228194,3,2,A26;A5,AA-AA,True,True
10016226413,7.383154,81.228134,3,2,A26;A5,AA-AA,True,True
10016226406,7.383448,81.228424,3,1,A5,AA-Other,False,True
1792802798,7.362246,81.804329,3,1,A31,AA-Other,False,True
12761661747,7.362044,81.803703,3,1,A31,AA-Other,False,True
3316122472,7.376874,81.838561,3,1,A31,AA-Other,False,True
1795321756,6.707858,79.908386,3,1,A2,AA-Other,False,True
4663255502,6.710489,79.907456,3,1,A2,AA-Other,False,True
1795321763,6.704554,79.909547,3,1,A2,AA-Other,False,True
1795321908,6.701964,79.91078,3,1,A2,AA-Other,False,True
1795321973,6.687568,79.918331,3,1,A2,AA-Other,False,True
2340037600,6.691257,79.916587,3,1,A2,AA-Other,False,True
1795322023,6.697772,79.913135,3,1,A2,AA-Other,False,True
2340036296,6.69951,79.912582,3,1,A2,AA-Other,False,True
1795322086,6.694238,79.91472,3,1,A2,AA-Other,False,True
2347147693,6.694366,79.914677,4,1,A2,AA-Other,False,True
2079537942,6.743879,80.176735,3,1,A8,AA-Other,False,True
1796922874,6.738416,80.183735,3,1,A8,AA-Other,False,True
5264919265,6.73982,80.273725,3,1,A8,AA-Other,False,True
1797964180,6.953222,80.212372,3,2,A4;A7,AA-AA,True,True
1803663804,6.953947,80.211186,3,1,A4,AA-Other,False,True
3491135824,6.953077,80.212563,3,1,A7,AA-Other,False,True
1797964206,6.954101,80.210447,3,1,A4,AA-Other,False,True
2141873197,6.933472,80.188013,3,1,A4,AA-Other,False,True
1807810047,7.784909,81.590777,4,1,A5,AA-Other,False,True
1986811211,7.545932,81.377521,3,1,A5,AA-Other,False,True
1809637851,7.324836,80.625802,4,1,A9,AA-Other,False,True
3804182781,7.325249,80.626158,4,1,A9,AA-Other,False,True
1809637872,7.324708,80.6257,4,1,A9,AA-Other,False,True
1809805271,6.347619,81.19641,3,1,A2,AA-Other,False,True
2404061091,6.361169,81.181062,3,1,A2,AA-Other,False,True
3674901134,6.346344,81.197787,3,1,A2,AA-Other,False,True
1945675344,6.854383,81.338564,3,1,A4,AA-Other,False,True
3279650334,5.964576,80.691641,3,1,A2,AA-Other,False,True
1818583225,6.110028,80.932039,3,1,A2,AA-Other,False,True
4891890160,6.652203,80.697964,3,1,A4,AA-Other,False,True
1830490073,7.163024,80.572852,3,1,A5,AA-Other,False,True
5273425373,7.166652,80.572612,3,1,A5,AA-Other,False,True
4142250033,7.161858,80.573537,3,1,A5,AA-Other,False,True
1834981477,7.068186,80.685793,3,1,A5,AA-Other,False,True
3254670926,7.057647,80.697677,3,1,A5,AA-Other,False,True
1840750860,6.991134,79.939418,3,1,A1,AA-Other,False,True
2966142458,7.001698,79.950867,3,1,A1,AA-Other,False,True
3960797183,6.028473,80.794716,3,1,A2,AA-Other,False,True
1847947584,7.272492,79.86393,3,1,A3,AA-Other,False,True
3658420115,7.272608,79.863907,3,1,A3,AA-Other,False,True
13625281401,7.256584,80.588816,3,1,A5,AA-Other,False,True
1862815981,6.91836,80.098745,3,1,A4,AA-Other,False,True
3307476616,6.934287,79.866089,3,1,A1,AA-Other,False,True
1880627813,8.356627,80.510664,3,1,A9,AA-Other,False,True
8032417735,8.358223,80.511799,3,1,A9,AA-Other,False,True
3518417590,8.274489,80.500223,3,1,A9,AA-Other,False,True
1880627815,8.359727,80.511454,3,1,A9,AA-Other,False,True
13749558419,8.4412,80.506347,3,1,A9,AA-Other,False,True
8032417734,8.358694,80.511679,3,1,A9,AA-Other,False,True
7262802916,7.672174,81.733926,3,1,A4,AA-Other,False,True
3316122451,7.377188,81.838799,3,1,A4,AA-Other,False,True
1886079221,8.441616,80.506476,3,2,A20;A9,AA-AA,True,True
13749558430,8.441418,80.506412,4,2,A20;A9,AA-AA,True,True
1886079226,8.441316,80.506007,3,1,A20,AA-Other,False,True
13749558417,8.441434,80.506172,3,1,A20,AA-Other,False,True
1889362430,7.48305,79.826104,3,1,A3,AA-Other,False,True
3649878436,7.576103,79.79597,3,1,A3,AA-Other,False,True
1908190206,6.932346,79.84639,3,1,A4,AA-Other,False,True
3664895152,6.960526,79.880814,3,1,A3,AA-Other,False,True
1945605121,6.931307,81.140495,3,1,A5,AA-Other,False,True
3527283166,6.939619,81.175367,3,1,A5,AA-Other,False,True
2418603897,6.872643,81.350514,3,1,A4,AA-Other,False,True
1971623281,8.354531,80.442824,3,1,A12,AA-Other,False,True
5055655471,8.355966,80.41827,3,1,A12,AA-Other,False,True
1979346418,7.160762,81.225432,3,1,A5,AA-Other,False,True
10016226414,7.383068,81.228,3,1,A5,AA-Other,False,True
2398925514,7.155406,81.224075,3,1,A5,AA-Other,False,True
1980552009,7.349207,80.615292,3,1,A9,AA-Other,False,True
1980566512,7.234683,80.262506,3,1,A1,AA-Other,False,True
1980566518,7.234707,80.262604,3,1,A1,AA-Other,False,True
13811688268,7.235412,80.310051,3,1,A1,AA-Other,False,True
1981147403,7.885138,80.651611,4,1,A9,AA-Other,False,True
7599684152,7.885072,80.651668,3,1,A9,AA-Other,False,True
1981147409,8.042247,80.596123,3,1,A9,AA-Other,False,True
3518425514,8.040939,80.59708,3,1,A9,AA-Other,False,True
2835617074,8.335051,80.410957,4,1,A12,AA-Other,False,True
8726439508,6.120491,81.06636,3,1,A2,AA-Other,False,True
3147021776,6.332653,80.855506,3,1,A18,AA-Other,False,True
2001999485,7.531156,81.356083,3,1,A5,AA-Other,False,True
2015265415,7.072766,80.269546,3,1,A21,AA-Other,False,True
6509327434,7.072886,80.269222,3,1,A21,AA-Other,False,True
3514826047,7.082731,80.302407,3,1,A21,AA-Other,False,True
2015265450,7.023275,80.261278,3,1,A7,AA-Other,False,True
2021573972,7.010036,80.262042,3,1,A7,AA-Other,False,True
3217150039,7.023536,80.261333,3,1,A7,AA-Other,False,True
4267522204,6.336958,80.558938,3,1,A17,AA-Other,False,True
2087260972,6.971279,80.265238,3,1,A7,AA-Other,False,True
2028303897,7.027139,79.980774,3,1,A1,AA-Other,False,True
4787694002,7.034923,79.990603,3,1,A1,AA-Other,False,True
3600553588,7.011667,79.966702,3,1,A1,AA-Other,False,True
2034206073,6.887752,79.86445,3,1,A4,AA-Other,False,True
3820002325,6.971772,80.766795,3,1,A5,AA-Other,False,True
3820002304,6.971869,80.766859,3,1,A5,AA-Other,False,True
2055564960,7.351645,80.95028,3,1,A26,AA-Other,False,True
10065277058,7.336853,80.98323,3,1,A26,AA-Other,False,True
3203303832,7.278725,80.81007,3,1,A26,AA-Other,False,True
2155634710,7.219375,79.845358,4,1,A3,AA-Other,False,True
2066330708,6.911317,79.877443,4,1,A0,AA-Other,False,True
3150421787,6.911316,79.877536,4,1,A0,AA-Other,False,True
7030921398,6.839461,79.976469,3,1,A4,AA-Other,False,True
2068162900,6.839581,79.976085,3,1,A4,AA-Other,False,True
7030921386,6.839592,79.976403,3,1,A4,AA-Other,False,True
8605932100,7.294224,80.649976,4,1,A26,AA-Other,False,True
2078328569,7.265438,80.584078,3,1,A1,AA-Other,False,True
2907674340,7.267286,80.571508,3,1,A1,AA-Other,False,True
2910325921,7.2643,80.586744,3,1,A1,AA-Other,False,True
2078972805,7.721638,81.702853,3,1,A4,AA-Other,False,True
2078949382,7.720376,81.701205,3,1,A4,AA-Other,False,True
12109482771,6.664006,79.930517,3,1,A2,AA-Other,False,True
3662474355,7.466011,80.623476,4,1,A9,AA-Other,False,True
10130181979,6.559237,79.969222,3,1,A2,AA-Other,False,True
5841721869,7.072985,80.269119,3,1,A21,AA-Other,False,True
2105382093,6.93339,79.85641,3,1,A1,AA-Other,False,True
5372968715,6.933767,79.846893,3,2,A1;A4,AA-AA,True,True
2105405964,6.933471,79.856482,3,1,A1,AA-Other,False,True
3937903239,6.931984,79.85897,3,1,A1,AA-Other,False,True
3343547728,7.338845,80.557549,3,1,A10,AA-Other,False,True
2145113802,7.248826,80.343609,3,1,A21,AA-Other,False,True
3794035028,7.252924,80.343195,4,2,A1;A21,AA-AA,True,True
3219914005,7.248547,80.343733,3,1,A21,AA-Other,False,True
2145113863,7.207284,80.36325,3,1,A21,AA-Other,False,True
3221200523,7.21158,80.361565,3,1,A21,AA-Other,False,True
3221213836,7.174131,80.361924,3,1,A21,AA-Other,False,True
3090559903,6.850908,80.264163,3,1,A4,AA-Other,False,True
2152800248,6.583156,80.573314,3,1,A18,AA-Other,False,True
2152800385,6.583283,80.573259,3,1,A18,AA-Other,False,True
2152921941,6.583124,80.57324,3,1,A18,AA-Other,False,True
2155579750,7.131182,79.876262,4,1,A3,AA-Other,False,True
2155634707,7.091864,79.88852,3,1,A3,AA-Other,False,True
2155579905,7.02176,79.899638,4,1,A3,AA-Other,False,True
3851226779,7.015368,79.898415,3,1,A3,AA-Other,False,True
2155580113,7.047762,79.897122,4,1,A3,AA-Other,False,True
12509374263,7.051767,79.896692,3,1,A3,AA-Other,False,True
2155580125,7.08137,79.890895,3,1,A3,AA-Other,False,True
3849049820,7.081141,79.890842,4,2,A3;A33,AA-AA,True,True
2155580131,7.086592,79.89049,3,1,A3,AA-Other,False,True
2684604208,7.0818,79.890977,3,1,A3,AA-Other,False,True
4087054250,7.198562,79.85453,3,1,A3,AA-Other,False,True
2155584793,7.192615,79.857209,4,1,A3,AA-Other,False,True
2506028803,7.157362,79.871109,3,1,A3,AA-Other,False,True
2155584797,7.219348,79.845446,3,1,A3,AA-Other,False,True
2155584835,7.214303,79.847247,4,1,A3,AA-Other,False,True
2155634701,6.985652,79.889133,4,1,A3,AA-Other,False,True
4426787286,6.981259,79.88813,3,1,A3,AA-Other,False,True
2155634708,7.086984,79.890377,3,1,A3,AA-Other,False,True
13684572987,7.086873,79.890411,4,1,A3,AA-Other,False,True
5804555891,7.219483,79.845392,4,1,A3,AA-Other,False,True
2155666096,7.198523,79.854543,3,1,A3,AA-Other,False,True
2155672282,6.290936,80.546578,3,1,A17,AA-Other,False,True
2155827812,6.295428,80.542738,3,1,A17,AA-Other,False,True
3203084587,6.279225,80.546972,3,1,A17,AA-Other,False,True
2155827775,6.2601,80.492288,3,1,A17,AA-Other,False,True
2190932692,6.196302,80.468726,3,1,A17,AA-Other,False,True
2190965493,6.100484,80.477547,4,1,A17,AA-Other,False,True
1239435091,7.619976,80.246013,3,1,A10,AA-Other,False,True
6511383114,7.655319,80.221054,3,1,A10,AA-Other,False,True
3445493696,6.103546,80.476055,3,1,A17,AA-Other,False,True
2190965800,6.101437,80.47688,3,1,A17,AA-Other,False,True
7103763194,7.216833,81.851798,3,1,A4,AA-Other,False,True
2247695861,6.878304,79.876349,4,1,A4,AA-Other,False,True
2247695870,6.87829,79.876477,4,1,A4,AA-Other,False,True
2247695871,6.878192,79.876778,3,1,A4,AA-Other,False,True
2279244474,7.942227,81.013248,3,1,A11,AA-Other,False,True
9394230350,7.940831,81.018016,3,1,A11,AA-Other,False,True
2822277593,7.939713,81.000795,3,1,A11,AA-Other,False,True
2288824399,7.939601,81.000249,3,1,A11,AA-Other,False,True
6685478661,7.945314,81.506632,3,1,A11,AA-Other,False,True
2340032516,6.684644,79.919872,3,1,A2,AA-Other,False,True
2337932210,7.250131,80.443008,3,1,A1,AA-Other,False,True
3226211756,7.251768,80.445891,3,1,A1,AA-Other,False,True
3224668762,7.25175,80.435535,3,1,A1,AA-Other,False,True
2338839291,7.252187,80.446842,3,1,A1,AA-Other,False,True
3718488871,7.251197,80.449881,3,1,A1,AA-Other,False,True
2339285632,6.714121,79.907588,3,1,A2,AA-Other,False,True
2339297860,6.712438,79.907538,4,2,A2;A8,AA-AA,True,True
2339297862,6.712324,79.907542,4,2,A2;A8,AA-AA,True,True
7037793029,6.710658,79.907509,3,1,A2,AA-Other,False,True
2339297865,6.712432,79.907426,3,1,A2,AA-Other,False,True
2339297871,6.722955,79.907147,3,1,A2,AA-Other,False,True
2339297873,6.712313,79.907436,3,1,A2,AA-Other,False,True
2339297877,6.725099,79.906654,3,1,A2,AA-Other,False,True
2339297881,6.72296,79.907231,3,1,A2,AA-Other,False,True
2339365433,6.72086,79.907446,3,1,A2,AA-Other,False,True
2339326606,6.726723,79.905369,3,1,A2,AA-Other,False,True
2339326610,6.726758,79.905294,3,1,A2,AA-Other,False,True
2339326619,6.726684,79.905374,3,1,A2,AA-Other,False,True
2340032515,6.707871,79.908462,3,1,A2,AA-Other,False,True
2340032521,6.704593,79.90961,3,1,A2,AA-Other,False,True
2340037594,6.686677,79.918813,3,1,A2,AA-Other,False,True
2340032539,6.702012,79.910846,3,1,A2,AA-Other,False,True
2340032526,6.687575,79.918382,3,1,A2,AA-Other,False,True
2340037602,6.686711,79.918875,3,1,A2,AA-Other,False,True
2340036297,6.699526,79.912631,3,1,A2,AA-Other,False,True
2340037601,6.697791,79.9132,3,1,A2,AA-Other,False,True
2340037597,6.694265,79.914764,3,1,A2,AA-Other,False,True
2340037598,6.691287,79.916648,3,1,A2,AA-Other,False,True
2366743826,7.272274,79.864056,3,1,A3,AA-Other,False,True
4693290694,7.266227,79.860435,4,1,A3,AA-Other,False,True
2375441056,7.253628,79.854868,4,1,A3,AA-Other,False,True
6688367855,7.253036,79.853697,3,1,A3,AA-Other,False,True
2382030398,7.71811,81.698944,3,1,A4,AA-Other,False,True
2078949358,7.720318,81.701057,3,1,A4,AA-Other,False,True
2382076796,7.28129,80.666501,3,1,A26,AA-Other,False,True
2544591508,6.36123,81.181006,3,1,A2,AA-Other,False,True
2407608224,7.093108,80.004321,3,1,A33,AA-Other,False,True
8933799511,7.091867,80.000365,3,1,A33,AA-Other,False,True
11169238186,6.872887,81.350669,3,1,A4,AA-Other,False,True
4071257599,6.872809,81.35058,3,1,A4,AA-Other,False,True
2499038749,6.838646,79.979823,3,1,A4,AA-Other,False,True
2499283524,6.9721,79.885869,4,1,A3,AA-Other,False,True
5216483982,6.971797,79.885618,3,1,A3,AA-Other,False,True
2499283525,6.972152,79.885808,3,1,A3,AA-Other,False,True
2499287720,6.967856,79.901503,4,1,A1,AA-Other,False,True
3780516724,6.96794,79.901555,3,1,A1,AA-Other,False,True
2505983167,6.955744,79.883989,4,1,A1,AA-Other,False,True
2509007852,7.15709,79.871197,4,1,A3,AA-Other,False,True
2507098804,7.081708,79.890958,3,1,A3,AA-Other,False,True
7037741108,7.086823,79.890345,3,1,A3,AA-Other,False,True
2508106197,7.155891,79.871547,3,1,A3,AA-Other,False,True
3268563915,7.156376,79.871408,4,1,A3,AA-Other,False,True
2558293072,7.308686,80.637276,3,1,A9,AA-Other,False,True
6509196188,7.308246,80.637224,4,1,A9,AA-Other,False,True
2568176828,5.976349,80.518525,3,1,A24,AA-Other,False,True
2568176881,5.976228,80.518545,3,1,A24,AA-Other,False,True
2568176862,5.97596,80.518458,3,1,A24,AA-Other,False,True
3398081271,5.976218,80.518437,4,1,A24,AA-Other,False,True
12625589425,5.970874,80.520513,3,1,A24,AA-Other,False,True
2608995079,6.938035,80.661434,3,1,A7,AA-Other,False,True
2828629366,6.93824,80.661468,3,1,A7,AA-Other,False,True
2662800973,7.712382,81.710225,3,1,A4,AA-Other,False,True
6685420675,7.717237,81.710096,3,1,A4,AA-Other,False,True
2722759262,5.97685,80.51835,3,1,A24,AA-Other,False,True
13367298684,5.995286,80.519468,3,1,A24,AA-Other,False,True
2731988170,7.873827,80.651153,3,1,A9,AA-Other,False,True
6289622879,7.874077,80.651088,4,1,A9,AA-Other,False,True
2731988196,7.87435,80.651057,3,1,A9,AA-Other,False,True
2731988214,7.874181,80.651252,3,1,A9,AA-Other,False,True
4911274820,7.871937,80.651066,3,1,A9,AA-Other,False,True
2823998635,7.089599,80.035866,3,1,A1,AA-Other,False,True
2854966358,7.09847,80.041466,3,1,A1,AA-Other,False,True
2833834344,8.355572,80.417982,3,1,A12,AA-Other,False,True
5055655450,8.355802,80.417941,3,1,A12,AA-Other,False,True
2833834360,8.35613,80.416829,3,1,A20,AA-Other,False,True
4137371245,8.355725,80.416834,4,1,A20,AA-Other,False,True
2835617071,8.334967,80.410807,4,1,A12,AA-Other,False,True
2837518594,8.236786,80.350973,3,1,A28,AA-Other,False,True
13564710647,8.320641,80.381314,3,1,A28,AA-Other,False,True
3270476305,7.10571,80.04457,3,1,A1,AA-Other,False,True
2902109603,7.61971,80.246293,3,1,A10,AA-Other,False,True
2902109607,7.619696,80.246122,3,1,A10,AA-Other,False,True
3204336190,7.619815,80.245998,4,1,A10,AA-Other,False,True
3226356899,7.265211,80.556544,3,1,A1,AA-Other,False,True
13625464816,7.265159,80.589068,3,1,A1,AA-Other,False,True
2920465482,7.376724,81.838905,3,1,A4,AA-Other,False,True
3302172264,7.233337,81.851665,3,1,A4,AA-Other,False,True
9406713271,7.376896,81.838787,3,1,A4,AA-Other,False,True
2966142456,7.001634,79.950909,4,1,A1,AA-Other,False,True
3816390084,6.978388,79.927534,3,1,A1,AA-Other,False,True
2966142462,7.001855,79.951146,3,1,A1,AA-Other,False,True
5559025503,7.00193,79.951312,4,1,A1,AA-Other,False,True
2966142464,7.001996,79.951466,4,1,A1,AA-Other,False,True
2966142468,7.002073,79.951688,3,1,A1,AA-Other,False,True
2966142485,7.002786,79.953551,4,1,A1,AA-Other,False,True
2966142476,7.002692,79.953553,3,1,A1,AA-Other,False,True
3345071368,7.001921,79.951501,3,1,A1,AA-Other,False,True
13662447481,7.002872,79.955699,3,1,A1,AA-Other,False,True
2966142501,7.003275,79.956497,3,1,A1,AA-Other,False,True
4784496254,7.00307,79.956334,6,1,A1,AA-Other,False,True
3021911951,7.298432,80.637016,3,1,A9,AA-Other,False,True
3218446414,7.306634,80.634554,4,1,A9,AA-Other,False,True
3033937986,7.266208,80.596125,3,1,A1,AA-Other,False,True
3810784671,7.267864,80.596816,3,1,A1,AA-Other,False,True
3064234194,7.37046,80.527814,3,1,A10,AA-Other,False,True
4394543338,7.37075,80.527641,3,1,A10,AA-Other,False,True
5239569079,7.343663,80.550324,3,1,A10,AA-Other,False,True
3064234504,7.432959,80.446281,3,1,A10,AA-Other,False,True
3586058707,7.37242,80.52599,3,1,A10,AA-Other,False,True
3064571979,7.486331,80.366905,3,1,A10,AA-Other,False,True
617806911,7.486646,80.366661,3,1,A10,AA-Other,False,True
5248342416,7.488774,80.362086,4,1,A10,AA-Other,False,True
3073676023,6.93425,79.855372,3,1,A1,AA-Other,False,True
3078591002,6.968524,79.910731,3,1,A1,AA-Other,False,True
6266871671,6.029604,80.241793,3,1,A2,AA-Other,False,True
3081634071,6.02938,80.242166,3,1,A2,AA-Other,False,True
3081634077,6.02961,80.241913,4,1,A2,AA-Other,False,True
3081634087,6.029666,80.24186,4,1,A2,AA-Other,False,True
3088508684,7.325174,80.626224,3,1,A9,AA-Other,False,True
3088508692,7.324819,80.625867,3,1,A9,AA-Other,False,True
3088508691,7.324716,80.625787,3,1,A9,AA-Other,False,True
7037556016,7.322549,80.625021,3,1,A9,AA-Other,False,True
3088508709,7.322305,80.624861,4,2,A10;A9,AA-AA,True,True
3088516296,7.322207,80.624772,3,1,A10,AA-Other,False,True
3088508720,7.322347,80.624795,3,2,A10;A9,AA-AA,True,True
3088508729,7.322392,80.624828,3,1,A9,AA-Other,False,True
3088508732,7.321947,80.624467,3,1,A10,AA-Other,False,True
3088508750,7.321894,80.624498,4,1,A10,AA-Other,False,True
3491138212,6.952533,80.213184,3,1,A7,AA-Other,False,True
3109024823,6.841251,79.965142,4,1,A4,AA-Other,False,True
5969036508,6.841355,79.96484,3,1,A4,AA-Other,False,True
3120470733,7.132348,80.32759,3,1,A21,AA-Other,False,True
3514813026,7.10503,80.335886,3,1,A21,AA-Other,False,True
3763282547,7.155532,80.368209,3,1,A21,AA-Other,False,True
3129331583,7.02349,80.261457,3,1,A7,AA-Other,False,True
3136299955,6.931944,79.846944,3,1,A4,AA-Other,False,True
259648440,6.927695,79.8498,3,1,A4,AA-Other,False,True
3136385191,6.934009,79.846439,3,2,A1;A4,AA-AA,True,True
3141171382,6.933962,79.84685,4,1,A1,AA-Other,False,True
3136385193,6.933526,79.846652,3,1,A4,AA-Other,False,True
3136385196,6.934036,79.847128,3,1,A1,AA-Other,False,True
3155986410,6.336686,80.845845,3,1,A18,AA-Other,False,True
10131009918,6.332904,80.855318,3,1,A18,AA-Other,False,True
3147058584,6.333951,80.854108,3,1,A18,AA-Other,False,True
3147058592,6.334072,80.853913,3,1,A18,AA-Other,False,True
3147058586,6.334179,80.853758,3,1,A18,AA-Other,False,True
3355393375,6.911769,79.864678,3,1,A0,AA-Other,False,True
6258386258,6.92253,79.852573,3,1,A4,AA-Other,False,True
3169826275,7.14918,80.58022,3,1,A5,AA-Other,False,True
4142250035,7.161725,80.573635,3,1,A5,AA-Other,False,True
3170533571,7.322348,80.624892,4,1,A9,AA-Other,False,True
3199600250,7.101239,79.910338,3,1,A33,AA-Other,False,True
3204336187,7.619908,80.246096,3,1,A10,AA-Other,False,True
2902101194,7.619796,80.246216,3,1,A10,AA-Other,False,True
3206095333,7.063978,80.011199,3,1,A1,AA-Other,False,True
4789587325,7.052423,80.004281,3,1,A1,AA-Other,False,True
3215585621,6.986899,80.444861,3,1,A7,AA-Other,False,True
3216973603,7.028901,80.294976,3,1,A7,AA-Other,False,True
3216973606,7.029014,80.294962,3,1,A7,AA-Other,False,True
3217149379,7.023448,80.261818,3,1,A7,AA-Other,False,True
3129331580,7.023505,80.261492,3,1,A7,AA-Other,False,True
3217150024,7.023639,80.261316,3,1,A21,AA-Other,False,True
3217150036,7.023624,80.261545,3,1,A7,AA-Other,False,True
3217232039,7.072974,80.2693,3,1,A21,AA-Other,False,True
4019244695,7.306904,80.634571,4,1,A9,AA-Other,False,True
3219884852,7.252995,80.343186,3,1,A1,AA-Other,False,True
3803143155,7.253512,80.348138,3,1,A1,AA-Other,False,True
3224489753,7.252824,80.342263,3,1,A1,AA-Other,False,True
3219885863,7.248339,80.343713,3,1,A21,AA-Other,False,True
4929241947,7.248221,80.343574,3,1,A21,AA-Other,False,True
3219914004,7.248522,80.34364,3,1,A21,AA-Other,False,True
4929241573,7.248708,80.343598,3,1,A21,AA-Other,False,True
3219994344,7.252174,80.339674,3,1,A1,AA-Other,False,True
4929242050,7.251408,80.335132,3,1,A1,AA-Other,False,True
3220121962,7.252744,80.341604,3,1,A1,AA-Other,False,True
3796385433,7.252766,80.342274,3,1,A1,AA-Other,False,True
3220016719,7.230864,80.350679,3,1,A21,AA-Other,False,True
3220025120,7.230559,80.350535,3,1,A21,AA-Other,False,True
4929241586,7.247822,80.343227,5,1,A21,AA-Other,False,True
3226275220,7.256992,80.518984,4,1,A1,AA-Other,False,True
3237492320,7.265554,80.552042,3,1,A1,AA-Other,False,True
3718488870,7.250956,80.450594,3,1,A1,AA-Other,False,True
3237492327,7.265649,80.552221,3,1,A1,AA-Other,False,True
3252971709,7.081201,79.89107,3,1,A33,AA-Other,False,True
3268563916,7.157068,79.87105,3,1,A3,AA-Other,False,True
13695573497,5.974198,80.438227,3,1,A2,AA-Other,False,True
13695595627,5.973798,80.438322,3,1,A2,AA-Other,False,True
3289420399,7.092839,79.990381,3,1,A33,AA-Other,False,True
3797644308,7.092756,79.990642,3,1,A33,AA-Other,False,True
3289420454,7.092828,79.990238,3,1,A33,AA-Other,False,True
8736765754,6.989844,81.056929,3,1,A5,AA-Other,False,True
3302140237,7.21843,81.849664,3,1,A4,AA-Other,False,True
7103763200,7.221151,81.849912,3,1,A4,AA-Other,False,True
3302140241,7.218391,81.849764,3,1,A4,AA-Other,False,True
7103763193,7.216868,81.851822,3,1,A4,AA-Other,False,True
7103763199,7.221151,81.849938,3,1,A4,AA-Other,False,True
3316122459,7.376988,81.838837,3,1,A4,AA-Other,False,True
3316122455,7.376992,81.838751,3,1,A4,AA-Other,False,True
3316122462,7.37695,81.838849,3,1,A4,AA-Other,False,True
3316122466,7.376911,81.838753,3,1,A31,AA-Other,False,True
3316122454,7.376969,81.838737,3,1,A31,AA-Other,False,True
3336273920,8.043108,80.595821,3,1,A9,AA-Other,False,True
4914548524,8.093109,80.574388,3,1,A9,AA-Other,False,True
3336273922,8.04261,80.59597,3,1,A9,AA-Other,False,True
3340914298,6.927643,79.849896,3,1,A4,AA-Other,False,True
6537213315,6.927435,79.850295,3,1,A4,AA-Other,False,True
3345071370,7.001856,79.95135,3,1,A1,AA-Other,False,True
3350595478,7.29124,81.67251,3,1,A31,AA-Other,False,True
11715824066,7.291769,81.680474,3,1,A31,AA-Other,False,True
3364860604,5.948299,80.547909,3,1,A2,AA-Other,False,True
3364864049,5.948239,80.534931,3,1,A24,AA-Other,False,True
3410002327,5.94803,80.534923,4,1,A24,AA-Other,False,True
3364883416,5.948019,80.534892,4,1,A24,AA-Other,False,True
3815814909,6.967591,80.767568,3,1,A5,AA-Other,False,True
3398081272,5.976336,80.518429,4,1,A24,AA-Other,False,True
5771476347,5.97663,80.5184,3,1,A24,AA-Other,False,True
3403175022,6.955869,79.888018,5,1,A1,AA-Other,False,True
3431855593,6.955927,79.884079,3,1,A1,AA-Other,False,True
4621924226,6.95594,79.887974,3,1,A1,AA-Other,False,True
3431855654,6.956582,79.882931,3,1,A1,AA-Other,False,True
3431855630,6.955939,79.884018,3,1,A1,AA-Other,False,True
3431908601,6.972147,79.885917,4,1,A3,AA-Other,False,True
3478101817,7.265873,80.596267,4,1,A1,AA-Other,False,True
3491135822,6.952964,80.212406,3,1,A4,AA-Other,False,True
3492878507,8.945119,79.923952,3,1,A32,AA-Other,False,True
4137314869,9.503818,80.211968,3,1,A32,AA-Other,False,True
5153486366,7.104056,80.335644,3,1,A21,AA-Other,False,True
3518418201,8.274186,80.500235,3,1,A9,AA-Other,False,True
3518418193,8.274076,80.500232,3,1,A9,AA-Other,False,True
3518418194,8.273746,80.500205,3,1,A9,AA-Other,False,True
3518418208,8.274041,80.500106,3,1,A9,AA-Other,False,True
3518418214,8.274223,80.5001,3,1,A13,AA-Other,False,True
3518418199,8.274232,80.500122,3,1,A9,AA-Other,False,True
3518418203,8.274099,80.500052,3,1,A13,AA-Other,False,True
3518425501,8.040808,80.597192,3,1,A9,AA-Other,False,True
5302260378,8.035185,80.599794,3,1,A9,AA-Other,False,True
3518425508,8.040872,80.596959,3,1,A9,AA-Other,False,True
7035050524,8.042221,80.596069,3,1,A9,AA-Other,False,True
3538149112,6.934315,79.865589,3,1,A1,AA-Other,False,True
619227153,6.933926,79.865974,3,1,A1,AA-Other,False,True
3538180787,6.932321,79.860481,3,1,A1,AA-Other,False,True
3556443375,6.932395,79.860944,3,1,A1,AA-Other,False,True
3556443371,6.932094,79.860738,4,1,A1,AA-Other,False,True
3799736775,6.931916,79.858961,3,1,A1,AA-Other,False,True
3557474363,8.039882,80.755392,3,1,A11,AA-Other,False,True
6540075345,8.089601,80.637998,3,1,A11,AA-Other,False,True
3871146838,7.166792,80.572435,4,1,A5,AA-Other,False,True
3594147916,5.944702,80.549885,3,1,A2,AA-Other,False,True
3697151657,5.944693,80.549952,3,1,A2,AA-Other,False,True
13663348779,7.011092,79.966389,4,1,A1,AA-Other,False,True
3600557544,7.002944,79.956234,3,1,A1,AA-Other,False,True
3618872658,7.271313,80.605372,3,1,A1,AA-Other,False,True
3780823908,7.271508,80.605407,3,1,A1,AA-Other,False,True
3645486728,7.439779,80.631744,3,1,A9,AA-Other,False,True
13367298677,5.996656,80.51934,3,1,A24,AA-Other,False,True
3637344649,6.152999,81.144711,3,1,A2,AA-Other,False,True
6248011188,6.153575,81.145849,3,1,A2,AA-Other,False,True
3649864139,7.576574,79.795816,4,1,A3,AA-Other,False,True
3649864144,7.576522,79.79561,3,1,A3,AA-Other,False,True
3649876602,7.576707,79.79537,3,1,A3,AA-Other,False,True
3649873087,7.578236,79.79435,3,1,A3,AA-Other,False,True
12620876473,8.027838,79.8298,3,1,A3,AA-Other,False,True
3649874915,7.577706,79.794387,4,1,A3,AA-Other,False,True
3649874902,7.577698,79.794258,3,1,A3,AA-Other,False,True
3649874906,7.577642,79.794265,3,1,A3,AA-Other,False,True
3649876603,7.576874,79.795363,3,1,A3,AA-Other,False,True
3649876604,7.576738,79.795315,3,1,A3,AA-Other,False,True
3649878435,7.576836,79.795471,3,1,A3,AA-Other,False,True
3649864133,7.576721,79.79572,3,1,A3,AA-Other,False,True
3649878439,7.576492,79.795653,3,1,A3,AA-Other,False,True
6695505199,7.272513,79.863976,4,1,A3,AA-Other,False,True
3662474376,7.465996,80.62337,4,1,A9,AA-Other,False,True
3664895173,6.9609,79.880878,3,1,A3,AA-Other,False,True
4426797157,6.963766,79.881639,3,1,A3,AA-Other,False,True
13689191650,6.297848,81.236812,3,1,A2,AA-Other,False,True
3697145064,5.944612,80.549862,4,1,A2,AA-Other,False,True
13695148146,5.944794,80.54879,3,1,A2,AA-Other,False,True
3718488874,7.251136,80.450005,3,1,A1,AA-Other,False,True
3730047332,6.906798,81.559661,3,1,A4,AA-Other,False,True
6685195539,6.90663,81.559407,3,1,A4,AA-Other,False,True
4067142483,6.878097,81.828906,3,1,A4,AA-Other,False,True
3737231765,7.123349,80.067147,3,1,A1,AA-Other,False,True
3742220440,6.890438,79.863778,4,1,A4,AA-Other,False,True
3742220437,6.89035,79.863801,4,1,A4,AA-Other,False,True
3742220439,6.890421,79.8637,3,1,A4,AA-Other,False,True
3770168315,7.090838,79.991998,3,1,A33,AA-Other,False,True
3799742997,7.091005,79.991598,3,1,A33,AA-Other,False,True
3770168316,7.090956,79.992175,3,1,A33,AA-Other,False,True
3780516705,6.967602,79.90132,3,1,A1,AA-Other,False,True
5197144868,6.967909,79.901623,3,1,A1,AA-Other,False,True
3781723165,6.934293,79.845036,3,1,A1,AA-Other,False,True
3803143156,7.253462,80.348144,3,1,A1,AA-Other,False,True
3797644263,7.092296,79.992303,3,1,A33,AA-Other,False,True
3797730069,7.091167,79.991688,4,1,A33,AA-Other,False,True
3797644275,7.092415,79.99225,3,1,A33,AA-Other,False,True
3289420390,7.092718,79.990382,3,1,A33,AA-Other,False,True
3799780749,7.091218,79.999476,3,1,A33,AA-Other,False,True
8933799512,7.091441,79.999809,3,1,A33,AA-Other,False,True
3799780753,7.090988,79.999357,3,1,A33,AA-Other,False,True
5139375451,7.266134,80.596441,4,1,A1,AA-Other,False,True
3822754793,7.340105,80.992316,3,1,A26,AA-Other,False,True
4814119777,7.340206,80.992892,3,1,A26,AA-Other,False,True
3825207097,6.931924,79.842193,3,1,A2,AA-Other,False,True
3355420037,6.934666,79.842766,3,1,A2,AA-Other,False,True
3836856289,7.383178,81.227773,3,1,A26,AA-Other,False,True
13431444645,7.38327,81.22802,3,1,A26,AA-Other,False,True
6540645130,6.990623,79.893253,3,1,A3,AA-Other,False,True
5319765722,7.329658,80.304102,3,1,A19,AA-Other,False,True
3871134706,7.166836,80.572346,3,1,A5,AA-Other,False,True
3927772236,7.072885,80.269201,3,1,A21,AA-Other,False,True
3937818066,6.715607,80.384988,3,1,A4,AA-Other,False,True
3937818093,6.715657,80.384813,3,1,A4,AA-Other,False,True
3937818064,6.715635,80.38498,3,1,A4,AA-Other,False,True
3937837841,6.705405,80.384809,3,1,A4,AA-Other,False,True
3937837843,6.70549,80.384934,3,1,A4,AA-Other,False,True
3937837959,6.705573,80.384844,3,1,A4,AA-Other,False,True
3945809610,6.841702,79.964625,3,1,A4,AA-Other,False,True
6292190587,6.841572,79.964893,3,1,A4,AA-Other,False,True
3960797187,6.028503,80.794843,3,1,A2,AA-Other,False,True
3964896717,6.910986,79.882053,3,1,A0,AA-Other,False,True
3983328377,7.2719,80.605874,3,1,A1,AA-Other,False,True
3983328743,7.271554,80.60561,3,1,A1,AA-Other,False,True
13671477050,7.293147,80.63317,3,1,A1,AA-Other,False,True
3983329767,7.271641,80.605507,3,1,A1,AA-Other,False,True
4004620069,7.293161,80.635143,3,1,A1,AA-Other,False,True
4004630079,7.293086,80.63531,3,1,A1,AA-Other,False,True
4004620076,7.293139,80.634927,3,1,A1,AA-Other,False,True
6324979463,7.293272,80.634742,3,1,A1,AA-Other,False,True
4004621090,7.293264,80.633433,3,1,A1,AA-Other,False,True
11367587826,7.293239,80.633374,3,1,A1,AA-Other,False,True
13615512124,7.293324,80.633608,3,1,A1,AA-Other,False,True
8936981953,7.293084,80.635983,3,1,A1,AA-Other,False,True
6260211179,6.881637,79.869795,3,1,A4,AA-Other,False,True
619195378,6.881868,79.869837,3,1,A4,AA-Other,False,True
4019244692,7.307013,80.634597,3,1,A9,AA-Other,False,True
8865864661,7.308231,80.637128,3,1,A9,AA-Other,False,True
4019244724,7.307042,80.634767,3,1,A9,AA-Other,False,True
4071257597,6.872773,81.350638,3,1,A4,AA-Other,False,True
4087054248,7.198719,79.854363,3,1,A3,AA-Other,False,True
4087054259,7.198519,79.85446,4,1,A3,AA-Other,False,True
6275242615,7.198576,79.854433,4,1,A3,AA-Other,False,True
4108748752,6.924352,80.606283,3,1,A7,AA-Other,False,True
5252242470,6.898145,80.592587,3,1,A7,AA-Other,False,True
4137349471,8.320803,80.381545,3,1,A28,AA-Other,False,True
4137349478,8.320851,80.381474,4,2,A12;A28,AA-AA,True,True
13564710682,8.320998,80.381265,3,1,A12,AA-Other,False,True
4137349486,8.320941,80.381563,3,1,A12,AA-Other,False,True
4137353395,8.321251,80.381898,3,1,A12,AA-Other,False,True
4137349488,8.321198,80.381946,3,1,A12,AA-Other,False,True
4137349479,8.320861,80.381625,3,1,A12,AA-Other,False,True
4137353396,8.321285,80.382009,4,1,A12,AA-Other,False,True
4137359438,8.331577,80.403453,3,1,A13,AA-Other,False,True
1401473107,8.331782,80.403056,3,1,A13,AA-Other,False,True
8795417511,8.331964,80.403114,3,1,A12,AA-Other,False,True
5055655462,8.355911,80.417935,3,1,A20,AA-Other,False,True
4139586563,8.327356,80.361091,3,1,A12,AA-Other,False,True
7185616200,8.32735,80.361196,3,1,A12,AA-Other,False,True
4807150338,7.877962,80.010618,3,1,A10,AA-Other,False,True
5169879067,8.030011,79.831139,3,1,A10,AA-Other,False,True
4147052689,6.989764,79.892563,3,1,A3,AA-Other,False,True
4152511797,6.990017,79.892808,3,1,A3,AA-Other,False,True
4177584094,7.281437,80.666471,3,1,A26,AA-Other,False,True
4197383649,6.91166,79.858123,3,1,A0,AA-Other,False,True
4212767857,7.785088,81.591057,3,1,A5,AA-Other,False,True
4231244458,7.101375,79.910352,3,1,A33,AA-Other,False,True
4388603896,6.95658,79.882698,3,1,A3,AA-Other,False,True
5216483990,6.972552,79.886275,3,1,A3,AA-Other,False,True
7085654863,6.914604,79.848666,3,1,A2,AA-Other,False,True
4515020715,6.918737,79.847172,3,1,A2,AA-Other,False,True
669218019,6.920939,79.846478,3,1,A2,AA-Other,False,True
7085654864,6.914579,79.848592,3,1,A2,AA-Other,False,True
4515020731,6.914136,79.848815,3,1,A2,AA-Other,False,True
4585299247,7.064004,80.011123,4,1,A1,AA-Other,False,True
7037793024,6.710654,79.907438,3,1,A2,AA-Other,False,True
6230792100,6.908746,79.895168,3,1,A0,AA-Other,False,True
7625469738,6.908345,79.893112,3,1,A0,AA-Other,False,True
6695505185,7.27245,79.863943,3,1,A3,AA-Other,False,True
4784496253,7.003224,79.956355,3,1,A1,AA-Other,False,True
6536506696,7.009449,79.965403,3,1,A1,AA-Other,False,True
4785723709,7.009419,79.965472,3,1,A1,AA-Other,False,True
4785723991,7.010825,79.966227,3,1,A1,AA-Other,False,True
4785724017,7.011034,79.966354,4,1,A1,AA-Other,False,True
4789587324,7.052459,80.004228,3,1,A1,AA-Other,False,True
4789942110,7.073283,80.016256,3,1,A1,AA-Other,False,True
5316468079,7.073206,80.016171,3,1,A1,AA-Other,False,True
4790000815,7.066471,80.012241,3,1,A1,AA-Other,False,True
6536495262,7.068717,80.01314,3,1,A1,AA-Other,False,True
4790001153,7.066652,80.012323,4,1,A1,AA-Other,False,True
5316437634,7.066608,80.0123,4,1,A1,AA-Other,False,True
4790019632,7.07334,80.0162,4,1,A1,AA-Other,False,True
4790030895,7.073636,80.016556,3,1,A1,AA-Other,False,True
4790019634,7.07327,80.016123,4,1,A1,AA-Other,False,True
4790030893,7.073585,80.016608,4,1,A1,AA-Other,False,True
4790030894,7.073705,80.016637,3,1,A1,AA-Other,False,True
4963408994,7.085983,80.033362,4,2,A1;A33,AA-AA,True,True
4790030896,7.073652,80.016689,4,1,A1,AA-Other,False,True
4807150323,7.877648,80.011018,3,1,A10,AA-Other,False,True
4807150339,7.877327,80.011249,3,1,A10,AA-Other,False,True
4807150337,7.877636,80.010852,3,1,A10,AA-Other,False,True
4807150328,7.877725,80.01093,4,1,A10,AA-Other,False,True
4807150333,7.877561,80.010926,3,1,A10,AA-Other,False,True
4913504514,7.80839,80.076525,3,1,A10,AA-Other,False,True
4814119737,7.340235,80.993991,3,1,A26,AA-Other,False,True
4814119780,7.340038,80.99301,4,1,A26,AA-Other,False,True
4814119747,7.340196,80.993019,3,1,A26,AA-Other,False,True
4814119803,7.340313,80.993995,4,1,A26,AA-Other,False,True
4814119752,7.340054,80.992871,4,1,A26,AA-Other,False,True
4814119802,7.340312,80.994084,4,1,A26,AA-Other,False,True
4851072864,6.623403,80.543188,3,1,A4,AA-Other,False,True
4851065502,6.62349,80.543157,3,1,A4,AA-Other,False,True
4851065496,6.62341,80.543094,3,1,A4,AA-Other,False,True
4851066124,6.623393,80.543178,3,1,A18,AA-Other,False,True
4851072874,6.623462,80.543193,3,1,A4,AA-Other,False,True
4881181012,7.698719,81.718192,3,1,A4,AA-Other,False,True
6495594259,7.683717,81.727014,3,1,A4,AA-Other,False,True
6511383113,7.656079,80.220686,3,1,A10,AA-Other,False,True
8014344204,8.126079,80.56312,3,1,A9,AA-Other,False,True
4929241911,7.248056,80.343256,4,1,A21,AA-Other,False,True
5237485234,7.2508,80.36813,3,1,A1,AA-Other,False,True
5237485233,7.250794,80.368069,3,1,A1,AA-Other,False,True
4929241932,7.248034,80.343197,4,1,A21,AA-Other,False,True
4944055507,7.487129,80.364777,3,1,A10,AA-Other,False,True
5248343437,7.488733,80.362015,4,1,A10,AA-Other,False,True
4944055508,7.487083,80.364928,4,1,A10,AA-Other,False,True
4944055634,7.487136,80.364951,4,1,A10,AA-Other,False,True
9513937138,7.487124,80.36503,4,1,A10,AA-Other,False,True
4963408990,7.086632,80.03246,3,1,A33,AA-Other,False,True
4963408992,7.086046,80.033431,4,2,A1;A33,AA-AA,True,True
5055655447,8.355823,80.417918,3,1,A20,AA-Other,False,True
8953454696,8.355651,80.416813,3,1,A20,AA-Other,False,True
5055655457,8.355921,80.418014,3,1,A12,AA-Other,False,True
5055655461,8.355813,80.41804,3,1,A12,AA-Other,False,True
5055655453,8.355839,80.418053,3,1,A12,AA-Other,False,True
5140888508,7.248124,80.343196,4,1,A21,AA-Other,False,True
3219914003,7.248384,80.343625,3,1,A21,AA-Other,False,True
5142136907,6.155039,81.148794,4,1,A2,AA-Other,False,True
5142136908,6.155003,81.14873,4,1,A2,AA-Other,False,True
5144316609,6.154924,81.148779,3,1,A2,AA-Other,False,True
6248011187,6.153512,81.145899,3,1,A2,AA-Other,False,True
5169879064,8.03007,79.831221,3,1,A10,AA-Other,False,True
5169879070,8.030063,79.831053,3,1,A10,AA-Other,False,True
5197144862,6.967766,79.902329,3,1,A1,AA-Other,False,True
5197144866,6.967826,79.901562,4,1,A1,AA-Other,False,True
6225766462,6.967299,79.901146,3,1,A1,AA-Other,False,True
5212490345,5.958578,80.530052,3,1,A24,AA-Other,False,True
5212490356,5.954874,80.533495,3,1,A24,AA-Other,False,True
5234940057,6.032509,80.216716,3,1,A2,AA-Other,False,True
12126721597,6.032811,80.214993,3,1,A2,AA-Other,False,True
5245953959,7.486682,80.36658,3,1,A10,AA-Other,False,True
5245953965,7.486743,80.366727,3,1,A10,AA-Other,False,True
5248343448,7.487183,80.364738,3,1,A10,AA-Other,False,True
3871146840,7.166695,80.57239,4,1,A5,AA-Other,False,True
5280287630,7.011124,79.966321,3,1,A1,AA-Other,False,True
5280287631,7.011067,79.966287,3,1,A1,AA-Other,False,True
5300890594,6.680343,80.402412,3,1,A4,AA-Other,False,True
5302260364,8.035156,80.599689,3,1,A9,AA-Other,False,True
3518425520,8.040696,80.597063,3,1,A9,AA-Other,False,True
5302260404,8.03478,80.599845,3,1,A9,AA-Other,False,True
5315984604,7.091212,79.996309,3,1,A33,AA-Other,False,True
5315984610,7.091163,79.997473,3,1,A33,AA-Other,False,True
5315984609,7.091144,79.99811,3,1,A33,AA-Other,False,True
3799780754,7.09109,79.999312,3,1,A33,AA-Other,False,True
5315988834,7.091594,79.994863,3,1,A33,AA-Other,False,True
5316437630,7.066887,80.012436,3,1,A1,AA-Other,False,True
6536495259,7.072446,80.015345,3,1,A1,AA-Other,False,True
6227950832,7.333692,80.299949,3,1,A19,AA-Other,False,True
6227950822,7.329796,80.303633,4,1,A19,AA-Other,False,True
5342371002,7.329874,80.303636,4,1,A19,AA-Other,False,True
5353821700,7.329847,80.303832,3,1,A19,AA-Other,False,True
13572508097,8.320807,80.394523,3,1,A12,AA-Other,False,True
9676457521,6.847313,79.926397,3,1,A4,AA-Other,False,True
5804555894,7.219455,79.845479,3,1,A3,AA-Other,False,True
3914008960,6.841472,79.964518,3,1,A4,AA-Other,False,True
5969063938,6.839343,79.969967,3,1,A4,AA-Other,False,True
9676457522,6.847004,79.926854,3,1,A4,AA-Other,False,True
6227950792,7.333498,80.299846,3,1,A19,AA-Other,False,True
6227950833,7.33362,80.29991,3,1,A19,AA-Other,False,True
6227950826,7.329766,80.30337,3,1,A19,AA-Other,False,True
6227950824,7.32987,80.303607,4,1,A19,AA-Other,False,True
6228139620,6.647426,80.701381,3,1,A4,AA-Other,False,True
6228139621,6.647536,80.701261,3,1,A4,AA-Other,False,True
6248011210,6.152874,81.144693,4,1,A2,AA-Other,False,True
6258386252,6.923204,79.852371,3,1,A4,AA-Other,False,True
6258386253,6.922958,79.852455,4,1,A4,AA-Other,False,True
6272317584,5.97386,80.438316,5,1,A2,AA-Other,False,True
13695573498,5.974112,80.438217,3,1,A2,AA-Other,False,True
13695595606,5.973793,80.438986,3,1,A2,AA-Other,False,True
6276892160,7.086831,79.890424,4,1,A3,AA-Other,False,True
2731988118,7.874158,80.651034,3,1,A9,AA-Other,False,True
6291947089,8.320848,80.394566,3,1,A12,AA-Other,False,True
6292190472,6.841185,79.965313,3,1,A4,AA-Other,False,True
6294143289,6.872856,81.350578,3,1,A4,AA-Other,False,True
4004620083,7.293221,80.63498,3,1,A1,AA-Other,False,True
6388461497,6.847517,79.86599,3,1,A2,AA-Other,False,True
6475692032,6.032568,80.217222,3,1,A2,AA-Other,False,True
7030628001,6.846308,79.948492,3,1,A4,AA-Other,False,True
13682136254,6.84148,79.96444,3,1,A4,AA-Other,False,True
6492867598,6.037783,80.250111,4,1,A17,AA-Other,False,True
6492867585,6.037771,80.249798,3,1,A17,AA-Other,False,True
13698912444,6.037841,80.249797,3,1,A17,AA-Other,False,True
13698912446,6.037774,80.249994,4,1,A17,AA-Other,False,True
6492867599,6.037879,80.250113,4,1,A17,AA-Other,False,True
13698912417,6.037911,80.25039,3,1,A17,AA-Other,False,True
6495360806,7.720462,81.701158,3,1,A4,AA-Other,False,True
2078972802,7.721709,81.702793,3,1,A4,AA-Other,False,True
6495360843,7.720307,81.701161,3,1,A4,AA-Other,False,True
2382030373,7.718023,81.699012,3,1,A4,AA-Other,False,True
6495398254,7.717262,81.71014,3,1,A4,AA-Other,False,True
6495398255,7.716036,81.710502,3,1,A4,AA-Other,False,True
13740014577,7.712395,81.710344,3,1,A4,AA-Other,False,True
6495398273,7.721723,81.702935,3,1,A4,AA-Other,False,True
6495594238,7.93967,81.000436,3,1,A11,AA-Other,False,True
7262773170,7.672911,81.73349,3,1,A4,AA-Other,False,True
6495594260,7.683689,81.726962,3,1,A4,AA-Other,False,True
6495621993,7.69868,81.718118,3,1,A4,AA-Other,False,True
6495621995,7.704112,81.714925,3,1,A4,AA-Other,False,True
6495621994,7.704145,81.714985,3,1,A4,AA-Other,False,True
4712510859,7.712291,81.710239,3,1,A4,AA-Other,False,True
8865864660,7.308192,80.6372,4,1,A9,AA-Other,False,True
6509196189,7.308082,80.637129,3,1,A9,AA-Other,False,True
6509196200,7.307425,80.636417,3,1,A9,AA-Other,False,True
6511383094,7.655668,80.221021,3,1,A10,AA-Other,False,True
6511383096,7.655726,80.220853,3,1,A10,AA-Other,False,True
6511383095,7.655803,80.220915,3,1,A10,AA-Other,False,True
6511383112,7.655638,80.2209,3,1,A10,AA-Other,False,True
6524681176,6.911925,79.855848,3,2,A0;A4,AA-AA,True,True
6272039662,6.91206,79.851657,4,1,A0,AA-Other,False,True
9628046175,6.911911,79.856155,3,2,A0;A4,AA-AA,True,True
6536495261,7.068694,80.013204,3,1,A1,AA-Other,False,True
6536495260,7.072512,80.015286,3,1,A1,AA-Other,False,True
10268958222,6.923346,79.852323,3,1,A4,AA-Other,False,True
6540075346,8.089691,80.637775,3,1,A11,AA-Other,False,True
6545241018,6.02863,80.794765,3,1,A2,AA-Other,False,True
6495398199,7.721653,81.702912,3,1,A4,AA-Other,False,True
6685478660,7.945359,81.50679,3,1,A11,AA-Other,False,True
9396246082,7.945285,81.506787,3,1,A11,AA-Other,False,True
6685478667,7.945244,81.506728,3,1,A11,AA-Other,False,True
6695208838,6.906621,81.559285,3,1,A4,AA-Other,False,True
6695208839,6.906755,81.559413,3,1,A4,AA-Other,False,True
6695505187,7.272452,79.864002,4,1,A3,AA-Other,False,True
6721753073,7.086008,80.03349,4,1,A1,AA-Other,False,True
6721810540,7.085943,80.033424,4,1,A1,AA-Other,False,True
7030628002,6.846327,79.948362,3,1,A4,AA-Other,False,True
7030921385,6.839571,79.976514,3,1,A4,AA-Other,False,True
7030921401,6.839467,79.9764,3,1,A4,AA-Other,False,True
7030921451,6.839294,79.969963,3,1,A4,AA-Other,False,True
7035050523,8.042601,80.595919,3,1,A9,AA-Other,False,True
7037556017,7.322286,80.625011,3,1,A9,AA-Other,False,True
13684572988,7.086866,79.890332,3,1,A3,AA-Other,False,True
7037743601,6.878207,79.876475,3,1,A4,AA-Other,False,True
7037743630,6.878224,79.876388,3,1,A4,AA-Other,False,True
7037743641,6.878464,79.872585,3,1,A4,AA-Other,False,True
7037743640,6.878445,79.87204,4,1,A4,AA-Other,False,True
7081602426,6.923661,79.845562,3,1,A2,AA-Other,False,True
191794675,6.921154,79.846501,3,1,A2,AA-Other,False,True
8944102122,6.929564,79.842669,3,1,A2,AA-Other,False,True
10603977996,6.830482,79.867766,3,1,A2,AA-Other,False,True
7085506299,6.812881,79.880864,4,1,A2,AA-Other,False,True
7085525494,6.812788,79.880938,4,1,A2,AA-Other,False,True
7103753925,6.608279,79.952719,4,1,A2,AA-Other,False,True
3302140243,7.218345,81.849734,3,1,A4,AA-Other,False,True
3302140240,7.218432,81.84975,3,1,A4,AA-Other,False,True
13564859299,8.327016,80.362336,3,1,A12,AA-Other,False,True
7227878082,7.308282,80.637152,3,1,A9,AA-Other,False,True
3088508758,7.322213,80.624955,3,1,A9,AA-Other,False,True
7262773169,7.672885,81.733436,3,1,A4,AA-Other,False,True
4231244456,7.101243,79.910207,3,1,A33,AA-Other,False,True
2731988210,7.874258,80.651267,3,1,A9,AA-Other,False,True
13083883262,7.118534,80.059661,4,1,A1,AA-Other,False,True
7621971279,7.115725,80.055752,3,1,A1,AA-Other,False,True
7621986814,7.10913,80.048722,3,1,A1,AA-Other,False,True
7621986858,7.105667,80.044637,3,1,A1,AA-Other,False,True
7621986929,7.08956,80.035931,3,1,A1,AA-Other,False,True
7786924237,7.123281,80.067189,3,1,A1,AA-Other,False,True
7786924250,7.11847,80.059707,3,1,A1,AA-Other,False,True
8014319682,8.127311,80.562666,3,2,A11;A9,AA-AA,True,True
8032417746,8.358516,80.511777,4,1,A9,AA-Other,False,True
8032417740,8.358395,80.511704,4,1,A9,AA-Other,False,True
8032417737,8.358495,80.511664,4,1,A9,AA-Other,False,True
8032417743,8.358426,80.511792,4,1,A9,AA-Other,False,True
8082580144,6.561304,79.968993,4,1,A2,AA-Other,False,True
10130181954,6.561137,79.969028,4,1,A2,AA-Other,False,True
8726439509,6.120439,81.066498,3,1,A2,AA-Other,False,True
8795417507,8.331772,80.402994,3,1,A12,AA-Other,False,True
8795417512,8.331937,80.403127,3,1,A13,AA-Other,False,True
3592104628,7.091132,79.999574,4,1,A33,AA-Other,False,True
12564186527,6.931286,79.842096,3,1,A2,AA-Other,False,True
9201280517,7.293041,80.635105,4,1,A1,AA-Other,False,True
9394230354,7.935456,81.02738,3,1,A11,AA-Other,False,True
9394230349,7.940729,81.017982,3,1,A11,AA-Other,False,True
9429896951,7.935764,81.025896,3,1,A11,AA-Other,False,True
9407052257,7.271435,80.605489,3,1,A1,AA-Other,False,True
9429896955,7.935875,81.025428,3,1,A11,AA-Other,False,True
9468271507,6.931617,79.842119,3,1,A2,AA-Other,False,True
9568699375,7.487068,80.365003,4,1,A10,AA-Other,False,True
3822164769,6.87558,79.861008,4,1,A2,AA-Other,False,True
9577055310,6.847132,79.926654,3,1,A4,AA-Other,False,True
9577055313,6.847207,79.926548,3,1,A4,AA-Other,False,True
10130181953,6.56197,79.968714,3,1,A2,AA-Other,False,True
9795422576,5.945009,80.548702,3,1,A2,AA-Other,False,True
250131881,5.948259,80.547861,4,1,A2,AA-Other,False,True
13431444639,7.383207,81.227921,3,1,A26,AA-Other,False,True
10130181950,6.565468,79.967694,3,1,A2,AA-Other,False,True
10130181941,6.571451,79.965096,3,1,A2,AA-Other,False,True
10130181952,6.561994,79.968803,3,1,A2,AA-Other,False,True
10130181951,6.565442,79.967612,3,1,A2,AA-Other,False,True
11542234718,5.965915,80.382544,3,1,A2,AA-Other,False,True
10603977925,6.819526,79.873684,4,1,A2,AA-Other,False,True
1401473006,8.328553,80.407621,3,1,A13,AA-Other,False,True
11715824035,7.292809,81.686941,3,1,A31,AA-Other,False,True
11715824055,7.292788,81.687042,3,1,A31,AA-Other,False,True
11715824051,7.292155,81.683168,3,1,A31,AA-Other,False,True
11715824052,7.29223,81.683149,3,1,A31,AA-Other,False,True
11715848169,7.292623,81.687766,3,1,A31,AA-Other,False,True
12761661750,7.362105,81.802554,3,1,A31,AA-Other,False,True
1401473074,8.328812,80.407484,3,1,A13,AA-Other,False,True
1401472905,8.326573,80.410431,3,1,A13,AA-Other,False,True
1401472976,8.32682,80.410328,3,1,A13,AA-Other,False,True
12126721593,6.032846,80.214868,3,1,A2,AA-Other,False,True
13686682350,8.02992,79.828719,3,1,A3,AA-Other,False,True
12761661737,7.362142,81.80357,3,1,A31,AA-Other,False,True
12761661748,7.362144,81.803715,3,1,A31,AA-Other,False,True
12761661746,7.362077,81.803565,3,1,A31,AA-Other,False,True
13367298678,5.996025,80.519418,3,1,A24,AA-Other,False,True
3808874254,6.89762,79.860116,4,1,A4,AA-Other,False,True
4137349482,8.320939,80.381518,3,1,A12,AA-Other,False,True
13567087012,8.320912,80.394728,3,1,A12,AA-Other,False,True
13567087010,8.332023,80.403011,3,1,A12,AA-Other,False,True
13567087034,8.320802,80.394614,4,1,A12,AA-Other,False,True
13567087026,8.320652,80.394463,3,1,A12,AA-Other,False,True
13567087027,8.32076,80.39457,4,1,A12,AA-Other,False,True
13577179092,8.355706,80.416755,3,1,A20,AA-Other,False,True
13656692423,6.934677,79.842876,3,1,A2,AA-Other,False,True
669217870,6.931591,79.842313,3,1,A2,AA-Other,False,True
13686682347,8.030155,79.828697,3,1,A3,AA-Other,False,True
13686682367,8.030162,79.828602,3,1,A3,AA-Other,False,True
13686682355,8.030322,79.828725,3,1,A10,AA-Other,False,True
13686682358,8.030242,79.828757,3,1,A10,AA-Other,False,True
13698912445,6.037868,80.249995,4,1,A17,AA-Other,False,True
13740014575,7.712307,81.710353,3,1,A4,AA-Other,False,True
13743364556,7.784987,81.591193,3,1,A5,AA-Other,False,True
13749558428,8.44136,80.506192,3,1,A20,AA-Other,False,True
